Code;Name
C81;ακτίνιο
C25;χιλιοστοακτίνιο
B97;μικροακτίνιο
DD;μοίρα [μονάδα γωνίας]
D61;λεπτό [μονάδα γωνίας]
D62;δευτερόλεπτο [μονάδα γωνίας]
A91;βαθμός
A91;γον
M43;χιλιοστό της ίντσας
M44;επανάσταση
D27;στεραδιανό
H57;ίντσα ανά δύο π ακτινοβόλα
MTR;μέτρο
E96;βαθμός ανά δευτερόλεπτο
H27;βαθμός ανά μέτρο
M55;μέτρο ανά ακτινοβολία
DMT;δέκατο μέτρου
CMT;εκατοστόμετρο
4H;μικρόμετρο (μικρό)
MMT;χιλιοστόμετρο
HMT;εκατόμετρο
KTM;χιλιόμετρο
KMT;χιλιόμετρο
C45;νανόμετρο
C52;πικόμετρο
A71;φεμτομετρικό
A45;δεκάμετρο
NMI;ναυτικό μίλι
A11;άνγκστρομ
A12;αστρονομική μονάδα
C63;παρσέκ
F52;μέτρο ανά κέλβιν
F50;μικρόμετρο ανά κέλβιν
F51;εκατοστό ανά κέλβιν
G06;χιλιοστόμετρο ανά ράβδο
H84;γραμμάριο χιλιοστό
G04;εκατοστό ανά ράβδο
G05;μέτρο ανά ράβδο
H79;Γαλλικό μετρητή
AK;όργια
X1;Η αλυσίδα του Γκούντερ
INH;ίντσα
M7;μικρο-ίντσα
FOT;πόδι
YRD;αυλή
SMI;μίλι (νόμιμο μίλι)
77;χιλιοστά της ίντσας
B57;έτος φωτός
F49;ράβδος [μονάδα απόστασης]
MAM;μεγαμετρ
K13;πόδι ανά βαθμό Φαρενάιτ
K17;πόδι ανά psi
K45;ίντσα ανά βαθμό Φαρενάιτ
K46;ίντσα ανά psi
L98;γιάρδα ανά βαθμό Φαρενάιτ
L99;γιάρδα ανά psi
M49;αλυσίδα (με βάση το πόδι της αμερικανικής έρευνας)
M50;φόν του μίλιου
M51;πόδι (έρευνα ΗΠΑ)
M52;μίλι (με βάση το πόδι της αμερικανικής έρευνας)
M53;μέτρο ανά πασκάλ
MTK;τετραγωνικό μέτρο
KMK;τετραγωνικό χιλιόμετρο
H30;τετραγωνικό μικρόμετρο (τετραγωνικό μικρό)
H59;τετραγωνικό μέτρο ανά νιούτον
DAA;δεκαήμερο
CMK;τετραγωνικό εκατοστό
DMK;τετραγωνικό δεκατόμετρο
H16;τετραγωνικό δεκατόμετρο
H18;τετραγωνικό εκατόμετρο
MMK;τετραγωνικό χιλιοστό
ARE;εκτάριο
HAR;εκτάριο
INK;τετραγωνική ίντσα
FTK;τετραγωνικό πόδι
YDK;τετραγωνική αυλή
MIK;τετραγωνικό μίλι (νόμιμο μίλι)
M48;τετραγωνικό μίλι (με βάση το πόδι της αμερικανικής έρευνας)
ACR;στρέμμα
M47;κυκλικό μύλο
MTQ;κυβικό μέτρο
MAL;μεγαλλίτρο
LTR;λίτρο
MMQ;κυβικό χιλιοστό
CMQ;κυβικό εκατοστό
DMQ;κυβικό δεκατόμετρο
MLT;χιλιοστόλιτρο
HLT;εκατόλιτρο
CLT;εκατοστόλιτρο
DMA;κυβικό δεκατόμετρο
H19;κυβικό εκατόμετρο
H20;κυβικό χιλιόμετρο
M71;κυβικό μέτρο ανά πασκάλ
DLT;δέκατο λίτρου
4G;μικρολίτρο
K6;χιλιόλιτρο
A44;δεκάλιτρο
G94;κυβικό εκατοστό ανά ράβδο
G95;λίτρο ανά μπάρα
G96;κυβικό μέτρο ανά ράβδο
G97;χιλιοστόλιτρο ανά μπάρα
5I;τυπικό κυβικό πόδι
INQ;κυβική ίντσα
FTQ;κυβικό πόδι
YDQ;κυβική γιάρδα
GLI;γαλόνι (Ηνωμένο Βασίλειο)
GLL;γαλόνι (ΗΠΑ)
PT;πίντα (ΗΠΑ)
PTI;πίντα (Ηνωμένο Βασίλειο)
QTI;λίτρο (Ηνωμένο Βασίλειο)
PTL;υγρή πίντα (ΗΠΑ)
QTL;υγρό λίτρο (ΗΠΑ)
PTD;ξηρή πίντα (ΗΠΑ)
OZI;υγρή ουγγιά (Ηνωμένο Βασίλειο)
QT;λίτρο (ΗΠΑ)
J57;βαρέλι (πετρέλαιο Ηνωμένου Βασιλείου)
K21;κυβικό πόδι ανά βαθμό Φαρενάιτ
K23;κυβικό πόδι ανά psi
L43;Πεκ (Ηνωμένο Βασίλειο)
L61;πίντα (ξηρό αμερικανικό κρασί)
L62;λίτρο (ξηρό αμερικανικό)
L84;τόνος (αποστολή στο Ηνωμένο Βασίλειο)
L86;τόνος (μεταφορά ΗΠΑ)
M11;κυβική γιάρδα ανά βαθμό Φαρενάιτ
M14;κυβική γιάρδα ανά psi
OZA;υγρή ουγγιά (ΗΠΑ)
BUI;μπούσελ (Ηνωμένο Βασίλειο)
BUA;μπούσελ (ΗΠΑ)
BLL;βαρέλι (ΗΠΑ)
BLD;ξηρό βαρέλι (ΗΠΑ)
GLD;ξηρό γαλόνι (ΗΠΑ)
QTD;ξηρό λίτρο (ΗΠΑ)
G26;κυβικό μέτρο
G21;φλιτζάνι [μονάδα όγκου]
G24;κουταλιά της σούπας (ΗΠΑ)
G25;κουταλάκι του γλυκού (ΗΠΑ)
G23;τσιμπώ
M67;στρέμμα-πόδι (με βάση το πόδι της έρευνας των ΗΠΑ)
M68;καλώδιο (128 ft3)
M69;κυβικό μίλι (νόμος του Ηνωμένου Βασιλείου)
M70;τόνος, μητρώο
G27;κυβικό εκατοστό ανά κέλβιν
G29;κυβικό μέτρο ανά κέλβιν
G28;λίτρο ανά κέλβιν
G30;χιλιοστόλιτρο ανά κέλβιν
J36;μικρολίτρο ανά λίτρο
J87;κυβικό εκατοστό ανά κυβικό μέτρο
J91;κυβικό δεκατόμετρο ανά κυβικό μέτρο
K62;λίτρο ανά λίτρο
L19;χιλιοστόλιτρο ανά λίτρο
L21;κυβικό χιλιοστό ανά κυβικό μέτρο
SEC;δευτερόλεπτο [μονάδα χρόνου]
MIN;λεπτό [μονάδα χρόνου]
HUR;ώρα
DAY;ημέρα
B52;κιλοδευτερόλεπτο
C26;μιλιδευτερόλεπτο
H70;πικοδευτερόλεπτο
B98;μικροδευτερόλεπτο
C47;νανοδευτερόλεπτο
WEE;εβδομάδα
MON;μήνας
ANN;έτος
D42;τροπικό έτος
L95;κοινό έτος
L96;αστρικό έτος
M56;σέικ
2A;ακτίνιο ανά δευτερόλεπτο
M46;περιστροφή ανά λεπτό
2B;ακτίνιο ανά δευτερόλεπτο στο τετράγωνο
M45;μοίρα [μονάδα γωνίας] ανά δευτερόλεπτο στο τετράγωνο
MTS;μέτρο ανά δευτερόλεπτο
KNT;κόμπος
KMH;χιλιόμετρο ανά ώρα
C16;χιλιοστό ανά δευτερόλεπτο
2M;εκατοστό ανά δευτερόλεπτο
H49;εκατοστό ανά ώρα
H81;χιλιοστόμετρο ανά λεπτό
2X;μέτρο ανά λεπτό
M59;μέτρο ανά δευτερόλεπτο πασκάλ
H66;χιλιοστό ανά έτος
H67;χιλιοστόμετρα ανά ώρα
FR;πόδι ανά λεπτό
IU;ίντσα ανά δευτερόλεπτο
FS;πόδι ανά δευτερόλεπτο
HM;μίλι ανά ώρα (νόμιμο μίλι)
J84;εκατοστό ανά δευτερόλεπτο κέλβιν
J85;εκατοστό ανά δευτερόλεπτο bar
K14;πόδι ανά ώρα
K18;πόδι ανά δευτερόλεπτο βαθμός Φαρενάιτ
K19;πόδι ανά δευτερόλεπτο psi
K47;ίντσα ανά δευτερόλεπτο βαθμός Φαρενάιτ
K48;ίντσα ανά δευτερόλεπτο psi
L12;μέτρο ανά δευτερόλεπτο κέλβιν
L13;μέτρο ανά δευτερόλεπτο bar
M22;χιλιοστόλιτρο ανά τετραγωνικό εκατοστό λεπτό
M57;μίλι ανά λεπτό
M58;μίλι ανά δευτερόλεπτο
M60;μέτρο ανά ώρα
M61;ίντσα ανά έτος
M62;χιλιόμετρο ανά δευτερόλεπτο
M63;ίντσα ανά λεπτό
M64;γιάρδα ανά δευτερόλεπτο
M65;γιάρδα ανά λεπτό
M66;γιάρδα ανά ώρα
MSK;μέτρο ανά δευτερόλεπτο στο τετράγωνο
A76;κορίτσι
C11;μιλιγκάλ
M38;χιλιόμετρο ανά δευτερόλεπτο στο τετράγωνο
M39;εκατοστό ανά δευτερόλεπτο στο τετράγωνο
M41;χιλιοστό ανά δευτερόλεπτο στο τετράγωνο
A73;πόδι ανά δευτερόλεπτο στο τετράγωνο
IV;ίντσα ανά δευτερόλεπτο στο τετράγωνο
K40;τυπική επιτάχυνση ελεύθερης πτώσης
M40;γιάρδα ανά δευτερόλεπτο στο τετράγωνο
M42;μίλι (νόμιμο μίλι) ανά δευτερόλεπτο στο τετράγωνο
C92;αντίστροφο μέτρο
Q32;φεμτολίτρο
Q33;πικολίτρο
Q34;νανολίτρο
AWG;αμερικανικό μετρητή σύρματος
NM3;Κανονικοποιημένο κυβικό μέτρο
SM3;Τυπικό κυβικό μέτρο
HTZ;χέρτζ
KHZ;κιλοχέρτζ
MHZ;μεγαχέρτζ
D29;τεραχέρτζ
A86;γιγαχέρτζ
MTZ;χιλιοστόχερτζ
H10;αντίστροφη ώρα
H11;αντίστροφος μήνας
H09;αντίστροφο έτος
H85;αμοιβαία εβδομάδα
C97;αντίστροφο δεύτερο
RPS;περιστροφές ανά δευτερόλεπτο
RPM;στροφές ανά λεπτό
C94;αντίστροφο λεπτό
C50;νέπερ
2N;ηχόμετρο
M72;μπελ
C51;neper ανά δευτερόλεπτο
KGM;χιλιόγραμμο
MC;μικρογραμμάριο
DJ;δέκα γραμμάρια
DG;δέκατο γραμμάριου
GRM;γραμμάριο
CGM;εκατοστόγραμμο
TNE;τόνος (μετρικός τόνος)
DTN;δεξιτόνε
MGM;χιλιοστόγραμμο
HGM;εκατόγραμμο
KTN;κιλοτόνος
2U;μεγαγράμμα
LBR;λίβρα
GRN;σιτηρά
ONZ;ουγγιά (avoirdupois)
CWI;εκατό βάρος (Ηνωμένο Βασίλειο)
CWA;εκατό λίβρες (cwt) / εκατό βάρος (ΗΠΑ)
LTN;τόνος (Ηνωμένο Βασίλειο) ή μακρός τόνος (ΗΠΑ)
STI;πέτρα (Ηνωμένο Βασίλειο)
STN;τόνος (ΗΠΑ) ή βραχύς τόνος (ΗΒ/ΗΠΑ)
APZ;ουγγιά troy ή ουγγιά φαρμακείου
F13;γυμνοσάλιαγκας
K64;λίβρα (avoirdupois) ανά βαθμό Φαρενάιτ
L69;τόνος ανά κέλβιν
L87;τόνος βραχύς ανά βαθμό Φαρενάιτ
M85;τόνος, δοκιμασία
M86;pfund
KMQ;κιλό ανά κυβικό μέτρο
23;γραμμάριο ανά κυβικό εκατοστό
D41;τόνος ανά κυβικό μέτρο
GJ;γραμμάριο ανά χιλιοστόλιτρο
B35;κιλό ανά λίτρο
GL;γραμμάριο ανά λίτρο
A93;γραμμάριο ανά κυβικό μέτρο
GP;χιλιοστόγραμμο ανά κυβικό μέτρο
B72;μεγαγραμμάριο ανά κυβικό μέτρο
B34;κιλό ανά κυβικό δεκατόμετρο
H64;χιλιοστόγραμμο ανά γραμμάριο
H29;μικρογραμμάριο ανά λίτρο
M1;χιλιοστόγραμμο ανά λίτρο
GQ;μικρογραμμάριο ανά κυβικό μέτρο
G11;γραμμάριο ανά κυβικό εκατοστό ράβδου
G33;γραμμάριο ανά κυβικό εκατοστό κέλβιν
F23;γραμμάριο ανά κυβικό δεκατόμετρο
G12;γραμμάριο ανά κυβικό δεκατόμετρο μπάρα
G34;γραμμάριο ανά κυβικό δεκατόμετρο Κέλβιν
G14;γραμμάριο ανά κυβικό μέτρο ράβδου
G36;γραμμάριο ανά κυβικό μέτρο κέλβιν
G13;γραμμάριο ανά λίτρο μπάρα
G35;γραμμάριο ανά λίτρο κέλβιν
G15;γραμμάριο ανά χιλιοστόλιτρο ράβδος
G37;γραμμάριο ανά χιλιοστόλιτρο κέλβιν
G31;κιλό ανά κυβικό εκατοστό
G16;κιλό ανά κυβικό εκατοστό ράβδου
G38;κιλό ανά κυβικό εκατοστό κέλβιν
G18;κιλό ανά κυβικό μέτρο ράβδου
G40;κιλό ανά κυβικό μέτρο κέλβιν
H54;κιλό ανά κυβικό δεκατόμετρο Kelvin
H55;κιλό ανά κυβικό δεκατόμετρο
F14;γραμμάριο ανά κέλβιν
F15;κιλό ανά κέλβιν
F24;κιλό ανά χιλιόγραμμο
G17;κιλό ανά λίτρο μπάρας
G39;κιλό ανά λίτρο κέλβιν
H53;κιλό ανά μπάρα
F18;κιλό τετραγωνικό εκατοστό
F19;κιλό τετραγωνικό χιλιοστό
F74;γραμμάριο ανά μπάρα
F75;χιλιοστόγραμμο ανά μπάρα
F16;χιλιοστόγραμμο ανά κέλβιν
M73;κιλό ανά κυβικό μέτρο πασκάλ
87;λίβρα ανά κυβικό πόδι
GE;λίβρα ανά γαλόνι (ΗΠΑ)
LA;λίβρα ανά κυβική ίντσα
G32;ουγγιά (avoirdupois) ανά κυβική γιάρδα
J34;μικρογραμμάριο ανά κυβικό μέτρο κέλβιν
J35;μικρογραμμάριο ανά κυβικό μέτρο bar
K41;κόκκος ανά γαλόνι (ΗΠΑ)
K69;λίβρα (avoirdupois) ανά κυβικό πόδι βαθμό Φαρενάιτ
K70;λίβρα (avoirdupois) ανά κυβικό πόδι psi
K71;λίβρα (avoirdupois) ανά γαλόνι (Ηνωμένο Βασίλειο)
K75;λίβρα (avoirdupois) ανά κυβική ίντσα βαθμό Φαρενάιτ
K76;λίβρα (avoirdupois) ανά κυβική ίντσα psi
K84;λίβρα ανά κυβική γιάρδα
L17;χιλιοστόγραμμο ανά κυβικό μέτρο κέλβιν
L18;χιλιοστόγραμμο ανά κυβικό μέτρο ράβδου
L37;ουγγιά (avoirdupois) ανά γαλόνι (Ηνωμένο Βασίλειο)
L38;ουγγιά (avoirdupois) ανά γαλόνι (ΗΠΑ)
L39;ουγγιά (avoirdupois) ανά κυβική ίντσα
L65;σαλιγκάρι ανά κυβικό πόδι
L76;τόνος ανά κυβικό μέτρο κέλβιν
L77;τόνος ανά κυβικό μέτρο ράβδου
L92;τόνος (μήκος Ηνωμένου Βασιλείου) ανά κυβική γιάρδα
L93;τόνος (μικρό σε δολάρια ΗΠΑ) ανά κυβική γιάρδα
K77;λίβρα (avoirdupois) ανά psi
L70;τόνος ανά ράβδο
L91;τόνος βραχυπρόθεσμος ανά psi
M74;κιλό ανά πασκάλ
C62;ένας
A39;κυβικό μέτρο ανά κιλό
22;δεκαλίτρο ανά γραμμάριο
H65;χιλιοστόλιτρο ανά κυβικό μέτρο
H83;λίτρο ανά κιλό
KX;χιλιοστόλιτρο ανά κιλό
H15;τετραγωνικό εκατοστό ανά γραμμάριο
N28;κυβικό δεκατόμετρο ανά κιλό
N29;κυβικό πόδι ανά λίβρα
N30;κυβική ίντσα ανά λίβρα
KL;κιλό ανά μέτρο
GF;γραμμάριο ανά μέτρο (γραμμάριο ανά 100 εκατοστά)
H76;γραμμάριο ανά χιλιοστό
KW;κιλό ανά χιλιοστό
C12;χιλιοστόγραμμο ανά μέτρο
M31;κιλό ανά χιλιόμετρο
P2;λίβρα ανά πόδι
PO;λίβρα ανά ίντσα μήκους
M83;αρνητής
M84;λίβρα ανά γιάρδα
GO;χιλιοστόγραμμο ανά τετραγωνικό μέτρο
25;γραμμάριο ανά τετραγωνικό εκατοστό
H63;χιλιοστόγραμμο ανά τετραγωνικό εκατοστό
GM;γραμμάριο ανά τετραγωνικό μέτρο
28;κιλό ανά τετραγωνικό μέτρο
D5;κιλό ανά τετραγωνικό εκατοστό
ON;ουγγιά ανά τετραγωνική γιάρδα
37;ουγγιά ανά τετραγωνικό πόδι
B31;κιλό μέτρο ανά δευτερόλεπτο
M98;κιλό εκατοστό ανά δευτερόλεπτο
M99;γραμμάριο εκατοστό ανά δευτερόλεπτο
N10;λίβρα πόδι ανά δευτερόλεπτο
N11;λίβρα ίντσα ανά δευτερόλεπτο
B33;κιλό μέτρο τετραγωνικό ανά δευτερόλεπτο
B32;κιλό μέτρο στο τετράγωνο
F20;λίβρα ίντσα στο τετράγωνο
K65;λίβρα (avoirdupois) τετραγωνικό πόδι
NEW;νεύτο
B73;μεγανιούτον
B47;κιλονιούτον
C20;μιλινιούτον
B92;μικρονιούτον
DU;dyne
C78;λίβρα-δύναμη
B37;χιλιόγραμμο-δύναμη
B51;κιλοπόντιου
L40;ουγγιά (avoirdupois)-δύναμη
L94;τόνος-δύναμη (βραχύ αμερικανικό)
M75;δύναμη κιλολίβρας
M76;λίβρα
M77;κιλό μέτρο ανά δευτερόλεπτο στο τετράγωνο
M78;λιμνούλα
F17;λίβρα-δύναμη ανά πόδι
F48;λίβρα-δύναμη ανά ίντσα
C54;νιούτον μέτρο στο τετράγωνο ανά κιλό στο τετράγωνο
NU;νιούτον μέτρο
H40;νιούτον ανά αμπέρ
B74;μεγανιούτον μέτρο
B48;κιλονιούτον μέτρο
D83;μετρητής μιλινιούτον
B93;μικρονιούτον μέτρο
DN;δεκανιουτόν μέτρο
J72;εκατοντινιούτον μέτρο
M94;κιλό μέτρο
F88;νιούτον εκατοστό
F90;νιούτον μέτρο ανά αμπέρ
F89;νιούτον μέτρο ανά βαθμό
G19;νιούτον μέτρο ανά κιλό
F47;νιούτον ανά χιλιοστό
M93;νιούτον μέτρο ανά ακτίνιο
H41;Νιούτον μέτρο βατ σε ισχύ μείον 0,5
B38;χιλιόγραμμο-δύναμη μέτρο
IA;ίντσα λίβρα (λίβρα ίντσα)
4Q;ουγγιά ίντσα
4R;ουγγιά πόδι
F22;λίβρα-δύναμη πόδι ανά αμπέρ
F21;ίντσα λίβρας-δύναμης
G20;λίβρα-δύναμη πόδι ανά λίβρα
J94;εκατοστό dyne
L41;ουγγιά (avoirdupois)-δύναμη ίντσα
M92;λίβρα-δύναμη πόδι
M95;λίβρα πόδι
M96;λίβρα ίντσα
M97;μετρητής dyne
C57;νεύτωνα δευτερόλεπτο
C53;νιούτον μέτρο δευτερόλεπτο
74;χιλιοστοπασκάλ
MPA;μεγαπασκάλ
PAL;Πασκάλ
KPA;κιλοπασκάλ
BAR;bar [μονάδα πίεσης]
HBA;εκτόβαρο
MBR;χιλιοστόβαρο
KBA;κιλομπάρ
ATM;διεθνής πρότυπος ατμόσφαιρα
A89;γιγαπασκάλ
B96;μικροπασκάλ
A97;εκτοπασκάλ
H75;δεκαπασκάλ
B85;μικρομπάρα
C55;νιούτον ανά τετραγωνικό μέτρο
C56;νιούτον ανά τετραγωνικό χιλιοστό
H07;πασκάλ δευτερόλεπτο ανά μέτρο
F94;εκτοπασκάλ κυβικό μέτρο ανά δευτερόλεπτο
F93;εκτοπασκάλ λίτρο ανά δευτερόλεπτο
F82;εκτοπασκάλ ανά κέλβιν
F83;κιλοπασκάλ ανά κέλβιν
F98;μεγαπασκάλ κυβικό μέτρο ανά δευτερόλεπτο
F97;μεγαπασκάλ λίτρο ανά δευτερόλεπτο
F85;μεγαπασκάλ ανά κέλβιν
F96;μιλιμπάρ κυβικό μέτρο ανά δευτερόλεπτο
F95;μιλιμπάρ λίτρο ανά δευτερόλεπτο
F84;μιλιμπάρ ανά κέλβιν
G01;πασκάλ κυβικό μέτρο ανά δευτερόλεπτο
F99;πασκάλ λίτρο ανά δευτερόλεπτο
F77;πασκάλ δευτερόλεπτο ανά κέλβιν
E01;νιούτον ανά τετραγωνικό εκατοστό
FP;λίβρα ανά τετραγωνικό πόδι
PS;λίβρα-δύναμη ανά τετραγωνική ίντσα
B40;χιλιόγραμμο-δύναμη ανά τετραγωνικό μέτρο
UA;τόρρ
ATT;τεχνική ατμόσφαιρα
80;λίβρα ανά τετραγωνική ίντσα απόλυτη
H78;συμβατικό εκατοστό νερού
HP;συμβατικό χιλιοστό νερού
HN;συμβατικό χιλιοστόμετρο υδραργύρου
F79;ίντσα υδραργύρου
F78;ίντσα νερού
J89;εκατοστό υδραργύρου
K24;πόδι νερού
K25;πόδι του υδραργύρου
K31;δύναμη γραμμαρίου ανά τετραγωνικό εκατοστό
E42;χιλιόγραμμο-δύναμη ανά τετραγωνικό εκατοστό
E41;χιλιόγραμμο-δύναμη ανά τετραγωνικό χιλιοστό
K85;λίβρα-δύναμη ανά τετραγωνικό πόδι
K86;λίβρα-δύναμη ανά τετραγωνική ίντσα βαθμό Φαρενάιτ
84;"Μια μονάδα πίεσης που ορίζει τον αριθμό των κιλολίβρων δύναμης ανά τετραγωνική ίντσα.
Χρησιμοποιήστε kip ανά τετραγωνική ίντσα (κοινός κωδικός N20)."
N13;εκατοστό υδραργύρου (0 ºC)
N14;εκατοστό νερού (4 ºC)
N15;πόδι νερού (39,2 ºF)
N16;ίντσα υδραργύρου (32 ºF)
N17;ίντσα υδραργύρου (60 ºF)
N18;ίντσα νερού (39,2 ºF)
N19;ίντσα νερού (60 ºF)
N20;κιπ ανά τετραγωνική ίντσα
N21;λίβρα ανά τετραγωνικό πόδι
N22;ουγγιά (avoirdupois) ανά τετραγωνική ίντσα
N23;συμβατικό μέτρο νερού
N24;γραμμάριο ανά τετραγωνικό χιλιοστό
N25;λίβρα ανά τετραγωνική γιάρδα
N26;λίβρα ανά τετραγωνική ίντσα
E99;εκτοπασκάλ ανά μπάρα
F05;μεγαπασκάλ ανά μπαρ
F04;μιλιμπάρ ανά μπάρα
F07;πασκάλ ανά μπάρα
F03;κιλοπασκάλ ανά μπαρ
L52;psi ανά psi
J56;μπάρα ανά μπάρα
C96;αντίστροφο Πασκάλ ή Πασκάλ στη δύναμη μείον ένα
F58;αμοιβαία γραμμή
B83;μέτρο στην τέταρτη δύναμη
G77;χιλιοστό στην τέταρτη δύναμη
D69;ίντσα στην τέταρτη δύναμη
N27;πόδι στην τέταρτη δύναμη
C65;δεύτερος πασκάλ
N37;κιλό ανά μέτρο δευτερόλεπτο
N38;κιλό ανά μέτρο λεπτό
C24;χιλιοστοπασκάλ δευτερόλεπτο
N36;νιούτον δευτερόλεπτο ανά τετραγωνικό μέτρο
N39;κιλό ανά μέτρο την ημέρα
N40;κιλό ανά μέτρο ώρα
N41;γραμμάριο ανά εκατοστό δευτερολέπτου
89;ισορροπία
C7;εκατοντάστη
F06;poise ανά μπάρα
F86;poise ανά κέλβιν
J32;μικροποσότητα
J73;σεντιποίζ ανά κέλβιν
J74;σεντιποΐζ ανά μπάρα
K67;λίβρα ανά πόδι ώρα
K68;λίβρα ανά πόδι δευτερόλεπτο
K91;λίβρα-δύναμη δευτερόλεπτο ανά τετραγωνικό πόδι
K92;λίβρα-δύναμη δευτερόλεπτο ανά τετραγωνική ίντσα
L15;χιλιοστόπασκαλ δευτερόλεπτο ανά κέλβιν
L16;χιλιοστοπασκάλ δευτερόλεπτο ανά μπάρα
L64;σαλιγκάρι ανά πόδι δευτερόλεπτο
N34;λίβρα δευτερόλεπτο ανά τετραγωνικό πόδι
N35;poise per pascal
N42;λίβρα δευτερόλεπτο ανά τετραγωνική ίντσα
N43;λίβρα ανά πόδι λεπτό
N44;λίβρα ανά πόδι την ημέρα
S4;τετραγωνικό μέτρο ανά δευτερόλεπτο
M82;τετραγωνικό μέτρο ανά δευτερόλεπτο πασκάλ
C17;χιλιοστό στο τετράγωνο ανά δευτερόλεπτο
G41;τετραγωνικό μέτρο ανά δευτερόλεπτο bar
G09;τετραγωνικό μέτρο ανά δευτερόλεπτο κέλβιν
91;Στόουκς
4C;σεντίστοουκς
G46;stokes ανά bar
G10;stokes ανά kelvin
S3;τετραγωνικό πόδι ανά δευτερόλεπτο
G08;τετραγωνική ίντσα ανά δευτερόλεπτο
M79;τετραγωνικό πόδι ανά ώρα
M80;stokes ανά πασκάλ
M81;τετραγωνικό εκατοστό ανά δευτερόλεπτο
4P;νιούτον ανά μέτρο
C22;μιλινιούτον ανά μέτρο
M23;νιούτον ανά εκατοστό
N31;κιλονιούτον ανά μέτρο
DX;dyne ανά εκατοστό
N32;λίβρα ανά ίντσα
N33;λίβρα-δύναμη ανά γιάρδα
M34;νιούτον μέτρο ανά τετραγωνικό μέτρο
JOU;μονάδα ενέργειας ή έργου
KJO;κιλοτζάουλ
A68;εξαζάουλ
C68;πετατζάουλ
D30;τερατζάουλ
GV;γιγατζάουλ
3B;μεγατζάουλ
C15;χιλιοτζάουλ
A70;φεμτοτζάουλ
A13;ατότζουλε
WHR;βατώρα
MWH;μεγαβατώρα (1000 kW.h)
KWH;κιλοβατώρα
GWH;γιγαβάτ ώρα
D32;τεραβατώρα
A53;ηλεκτρονιοβόλτ
B71;μεγαηλεκτρονβόλτ
A85;γιγαηλεκτρονοβόλτ
B29;κιλοηλεκτρονβόλτ
A57;έργιο
85;δύναμη λίβρας ποδιού
N46;πόδι-λίβρα
N47;ίντσα λίβρα
WTT;βάτ
KWT;κιλοβάτ
MAW;μεγαβάτ
A90;γιγαβάτ
C31;μιλιβάτ
D80;μικροβάτ
F80;δύναμη υδάτινου αλόγου
A63;εργόμετρο ανά δευτερόλεπτο
A74;πόδι-λίβρα-δύναμη ανά δευτερόλεπτο
B39;χιλιόγραμμο-δύναμη μέτρο ανά δευτερόλεπτο
HJ;μετρική ιπποδύναμη
A25;ατμοποιητής Cheval
BHP;ιπποδύναμη φρένου
K15;πόδι-λίβρα-δύναμη ανά ώρα
K16;πόδι-λίβρα-δύναμη ανά λεπτό
K42;ιπποδύναμη (λέβητας)
N12;Πφερντεστάερκε
KGS;κιλό ανά δευτερόλεπτο
H56;κιλό ανά τετραγωνικό μέτρο δευτερόλεπτο
M87;κιλό ανά δευτερόλεπτο πασκάλ
4M;χιλιοστόγραμμο ανά ώρα
F26;γραμμάριο ανά ημέρα
F62;μπάρα γραμμαρίου ανά ημέρα
F35;γραμμάριο ανά ημέρα κέλβιν
F27;γραμμάριο ανά ώρα
F63;γραμμάριο ανά ώρα μπάρα
F36;γραμμάριο ανά ώρα κέλβιν
F28;γραμμάριο ανά λεπτό
F64;γραμμάριο ανά λεπτό bar
F37;γραμμάριο ανά λεπτό κέλβιν
F29;γραμμάριο ανά δευτερόλεπτο
F65;γραμμάριο ανά δευτερόλεπτο μπάρα
F38;γραμμάριο ανά δευτερόλεπτο κέλβιν
F30;κιλό ανά ημέρα
F66;κιλό ανά ημέρα σε μπάρα
F39;κιλό ανά ημέρα κέλβιν
E93;κιλό ανά ώρα
F67;κιλό ανά ώρα bar
F40;κιλό ανά ώρα κέλβιν
F31;κιλό ανά λεπτό
F68;κιλό ανά λεπτό bar
F41;κιλό ανά λεπτό κέλβιν
F69;κιλό ανά δευτερόλεπτο bar
F42;κιλό ανά δευτερόλεπτο κέλβιν
F32;χιλιοστόγραμμο ανά ημέρα
F70;μπάρα χιλιογράμμου ανά ημέρα
F43;χιλιοστόγραμμο ανά ημέρα κέλβιν
F71;μπαρ χιλιογράμμου ανά ώρα
F44;χιλιοστόγραμμο ανά ώρα κέλβιν
F33;χιλιοστόγραμμο ανά λεπτό
F72;χιλιοστόγραμμο ανά λεπτό
F45;χιλιοστόγραμμο ανά λεπτό κέλβιν
F34;χιλιοστόγραμμο ανά δευτερόλεπτο
F73;χιλιοστόγραμμο ανά δευτερόλεπτο
F46;χιλιοστόγραμμο ανά δευτερόλεπτο κέλβιν
F25;γραμμάριο ανά hertz
4W;τόνος (ΗΠΑ) ανά ώρα
4U;λίβρα ανά ώρα
K66;λίβρα (avoirdupois) ανά ημέρα
K73;λίβρα (avoirdupois) ανά ώρα βαθμός Φαρενάιτ
K74;λίβρα (avoirdupois) ανά ώρα psi
K78;λίβρα (avoirdupois) ανά λεπτό
K79;λίβρα (avoirdupois) ανά λεπτό βαθμός Φαρενάιτ
K80;λίβρα (avoirdupois) ανά λεπτό psi
K81;λίβρα (avoirdupois) ανά δευτερόλεπτο
K82;λίβρα (avoirdupois) ανά δευτερόλεπτο βαθμό Φαρενάιτ
K83;λίβρα (avoirdupois) ανά δευτερόλεπτο psi
L33;ουγγιά (avoirdupois) ανά ημέρα
L34;ουγγιά (avoirdupois) ανά ώρα
L35;ουγγιά (avoirdupois) ανά λεπτό
L36;ουγγιά (avoirdupois) ανά δευτερόλεπτο
L63;γυμνοσάλιαγκας ανά ημέρα
L66;σαλιγκάρι ανά ώρα
L67;σαλιγκαρόνε ανά λεπτό
L68;σαλιγκαρόπανο ανά δευτερόλεπτο
L71;τόνος ανά ημέρα
L72;τόνος ανά ημέρα κέλβιν
L73;τόνος ανά ημέρα σε μπάρα
E18;τόνος ανά ώρα
L74;τόνος ανά ώρα κέλβιν
L75;τόνος ανά ώρα bar
L78;τόνος ανά λεπτό
L79;τόνος ανά λεπτό κέλβιν
L80;τόνος ανά λεπτό bar
L81;τόνος ανά δευτερόλεπτο
L82;τόνος ανά δευτερόλεπτο κέλβιν
L83;τόνος ανά δευτερόλεπτο bar
L85;τόνους ανά ημέρα
L88;τόνος ελλιπής ανά ημέρα
L89;τόνος βραχυπρόθεσμος ανά ώρα βαθμός Φαρενάιτ
L90;τόνος βραχυπρόθεσμα ανά ώρα psi
M88;τόνος ανά μήνα
M89;τόνος ανά έτος
M90;κιλολίβρα ανά ώρα
J33;μικρογραμμάριο ανά κιλό
L32;νανογραμμάριο ανά κιλό
NA;χιλιοστόγραμμο ανά κιλό
M29;κιλό ανά κιλό
M91;λίβρα ανά λίβρα
MQS;κυβικό μέτρο ανά δευτερόλεπτο
MQH;κυβικό μέτρο ανά ώρα
40;χιλιοστόλιτρο ανά δευτερόλεπτο
41;χιλιοστόλιτρο ανά λεπτό
LD;λίτρο ανά ημέρα
2J;κυβικό εκατοστό ανά δευτερόλεπτο
4X;χιλιόλιτρο ανά ώρα
L2;λίτρο ανά λεπτό
G47;κυβικό εκατοστό ανά ημέρα
G78;κυβικό εκατοστό ανά ημέρα σε μπάρα
G61;κυβικό εκατοστό ανά ημέρα κέλβιν
G48;κυβικό εκατοστό ανά ώρα
G79;κυβικό εκατοστό ανά ώρα bar
G62;κυβικό εκατοστό ανά ώρα κέλβιν
G49;κυβικό εκατοστό ανά λεπτό
G80;κυβικό εκατοστό ανά λεπτό bar
G63;κυβικό εκατοστό ανά λεπτό κέλβιν
G81;κυβικό εκατοστό ανά δευτερόλεπτο bar
G64;κυβικό εκατοστό ανά δευτερόλεπτο κέλβιν
E92;κυβικό δεκατόμετρο ανά ώρα
G52;κυβικό μέτρο ανά ημέρα
G86;κυβικό μέτρο ανά ημέρα bar
G69;κυβικό μέτρο ανά ημέρα κέλβιν
G87;κυβικό μέτρο ανά ώρα bar
G70;κυβικό μέτρο ανά ώρα κέλβιν
G53;κυβικό μέτρο ανά λεπτό
G88;κυβικό μέτρο ανά λεπτό bar
G71;κυβικό μέτρο ανά λεπτό κέλβιν
G89;κυβικό μέτρο ανά δευτερόλεπτο bar
G72;κυβικό μέτρο ανά δευτερόλεπτο κέλβιν
G82;λίτρο ανά ημέρα σε μπάρα
G65;λίτρο ανά ημέρα κέλβιν
G83;λίτρο ανά ώρα bar
G66;λίτρο ανά ώρα κέλβιν
G84;λίτρο ανά λεπτό bar
G67;λίτρο ανά λεπτό κέλβιν
G51;λίτρο ανά δευτερόλεπτο
G85;λίτρο ανά δευτερόλεπτο bar
G68;λίτρο ανά δευτερόλεπτο κέλβιν
G54;χιλιοστόλιτρο ανά ημέρα
G90;μπάρα χιλιοστόλιτρων ανά ημέρα
G73;χιλιοστόλιτρο ανά ημέρα κέλβιν
G55;χιλιοστόλιτρο ανά ώρα
G91;χιλιοστόλιτρο ανά ώρα bar
G74;χιλιοστόλιτρο ανά ώρα κέλβιν
G92;χιλιοστόλιτρο ανά λεπτό bar
G75;χιλιοστόλιτρο ανά λεπτό κέλβιν
G93;χιλιοστόλιτρο ανά δευτερόλεπτο bar
G76;χιλιοστόλιτρο ανά δευτερόλεπτο κέλβιν
2K;κυβικό πόδι ανά ώρα
2L;κυβικό πόδι ανά λεπτό
5A;βαρέλι (ΗΠΑ) ανά λεπτό
G2;γαλόνι ΗΠΑ ανά λεπτό
G3;Αυτοκρατορικό γαλόνι ανά λεπτό
G56;κυβική ίντσα ανά ώρα
G57;κυβική ίντσα ανά λεπτό
G58;κυβική ίντσα ανά δευτερόλεπτο
G50;γαλόνι (ΗΠΑ) ανά ώρα
J58;βαρέλι (πετρέλαιο Ηνωμένου Βασιλείου) ανά λεπτό
J59;βαρέλι (πετρέλαιο Ηνωμένου Βασιλείου) ανά ημέρα
J60;βαρέλι (πετρέλαιο Ηνωμένου Βασιλείου) ανά ώρα
J61;βαρέλι (πετρέλαιο Ηνωμένου Βασιλείου) ανά δευτερόλεπτο
J62;βαρέλι (πετρέλαιο ΗΠΑ) ανά ώρα
J63;βαρέλι (πετρέλαιο ΗΠΑ) ανά δευτερόλεπτο
J64;μπούσελ (Ηνωμένο Βασίλειο) ανά ημέρα
J65;μπούσελ (Ηνωμένο Βασίλειο) ανά ώρα
J66;μπούσελ (ΗΒ) ανά λεπτό
J67;μπούσελ (ΗΒ) ανά δευτερόλεπτο
J68;μπούσελ (ξηρό αμερικανικό γάλα) ανά ημέρα
J69;μπούσελ (ξηρό αμερικανικό ισοδύναμο) ανά ώρα
J70;μπούσελ (ξηρό ΗΠΑ) ανά λεπτό
J71;μπούσελ (ξηρό αμερικανικό έδαφος) ανά δευτερόλεπτο
J90;κυβικό δεκατόμετρο ανά ημέρα
J92;κυβικό δεκατόμετρο ανά λεπτό
J93;κυβικό δεκατόμετρο ανά δευτερόλεπτο
N45;κυβικό μέτρο ανά δευτερόλεπτο πασκάλ
J95;ουγγιά (ρευστό Ηνωμένου Βασιλείου) ανά ημέρα
J96;ουγγιά (ρευστό Ηνωμένου Βασιλείου) ανά ώρα
J97;ουγγιά (ρευστό Ηνωμένου Βασιλείου) ανά λεπτό
J98;ουγγιά (ρευστό Ηνωμένου Βασιλείου) ανά δευτερόλεπτο
J99;ουγγιά (ρευστό ΗΠΑ) ανά ημέρα
K10;ουγγιά (ρευστό ΗΠΑ) ανά ώρα
K11;ουγγιά (ρευστό ΗΠΑ) ανά λεπτό
K12;ουγγιά (ρευστό ΗΠΑ) ανά δευτερόλεπτο
K22;κυβικό πόδι ανά ημέρα
K26;γαλόνι (Ηνωμένο Βασίλειο) ανά ημέρα
K27;γαλόνι (ΗΒ) ανά ώρα
K28;γαλόνι (ΗΒ) ανά δευτερόλεπτο
K30;γαλόνι (υγρό ΗΠΑ) ανά δευτερόλεπτο
K32;gill (Ηνωμένο Βασίλειο) ανά ημέρα
K33;gill (Ηνωμένο Βασίλειο) ανά ώρα
K34;gill (ΗΒ) ανά λεπτό
K35;gill (ΗΒ) ανά δευτερόλεπτο
K36;gill (ΗΠΑ) ανά ημέρα
K37;gill (ΗΠΑ) ανά ώρα
K38;gill (ΗΠΑ) ανά λεπτό
K39;gill (ΗΠΑ) ανά δευτερόλεπτο
K94;λίτρο (υγρό Ηνωμένου Βασιλείου) ανά ημέρα
K95;λίτρο (υγρό Ηνωμένου Βασιλείου) ανά ώρα
K96;λίτρο (υγρό Ηνωμένου Βασιλείου) ανά λεπτό
K97;λίτρο (υγρό Ηνωμένου Βασιλείου) ανά δευτερόλεπτο
K98;λίτρο (υγρό ΗΠΑ) ανά ημέρα
K99;λίτρο (υγρό ΗΠΑ) ανά ώρα
L10;λίτρο (υγρό ΗΠΑ) ανά λεπτό
L11;λίτρο (υγρό ΗΠΑ) ανά δευτερόλεπτο
L44;peck (Ηνωμένο Βασίλειο) ανά ημέρα
L45;peck (Ηνωμένο Βασίλειο) ανά ώρα
L46;peck (ΗΒ) ανά λεπτό
L47;peck (ΗΒ) ανά δευτερόλεπτο
L48;peck (ξηρό αμερικανικό) ανά ημέρα
L49;peck (ξηρό ΗΠΑ) ανά ώρα
L50;peck (ξηρό ΗΠΑ) ανά λεπτό
L51;peck (ξηρό αμερικανικό) ανά δευτερόλεπτο
L53;πίντα (Ηνωμένο Βασίλειο) ανά ημέρα
L54;πίντα (ΗΒ) ανά ώρα
L55;πίντα (ΗΒ) ανά λεπτό
L56;πίντα (ΗΒ) ανά δευτερόλεπτο
L57;πίντα (υγρό ΗΠΑ) ανά ημέρα
L58;πίντα (υγρό ΗΠΑ) ανά ώρα
L59;πίντα (υγρό ΗΠΑ) ανά λεπτό
L60;πίντα (υγρό ΗΠΑ) ανά δευτερόλεπτο
M12;κυβική γιάρδα ανά ημέρα
M13;κυβική γιάρδα ανά ώρα
M15;κυβική γιάρδα ανά λεπτό
M16;κυβική γιάρδα ανά δευτερόλεπτο
H60;κυβικό μέτρο ανά κυβικό μέτρο
F92;μπαρ κυβικό μέτρο ανά δευτερόλεπτο
F91;μπαρ λίτρο ανά δευτερόλεπτο
K87;psi κυβική ίντσα ανά δευτερόλεπτο
K88;psi λίτρο ανά δευτερόλεπτο
K89;psi κυβικό μέτρο ανά δευτερόλεπτο
K90;psi κυβική γιάρδα ανά δευτερόλεπτο
Q29;μικρογραμμάριο ανά εκατόγραμμο
Q37;Τυπικό κυβικό μέτρο ανά ημέρα
Q38;Τυπικό κυβικό μέτρο ανά ώρα
Q39;Κανονικοποιημένο κυβικό μέτρο ανά ημέρα
Q40;Κανονικοποιημένο κυβικό μέτρο ανά ώρα
KWN;Κιλοβατώρα ανά κανονικοποιημένο κυβικό μέτρο
KWS;Κιλοβατώρα ανά τυπικό κυβικό μέτρο
Q41;Τζάουλ ανά κανονικοποιημένο κυβικό μέτρο
Q42;Τζάουλ ανά τυπικό κυβικό μέτρο
MNJ;Mega Joule ανά Κανονικοποιημένο Κυβικό Μέτρο
KEL;Κέλβιν
CEL;βαθμός Κελσίου
H12;βαθμός Κελσίου ανά ώρα
F60;βαθμός Κελσίου ανά bar
E98;βαθμός Κελσίου ανά κέλβιν
H13;βαθμός Κελσίου ανά λεπτό
H14;βαθμός Κελσίου ανά δευτερόλεπτο
F61;κέλβιν ανά μπάρα
F10;κέλβιν ανά ώρα
F02;κέλβιν ανά κέλβιν
F11;κέλβιν ανά λεπτό
F12;κέλβιν ανά δευτερόλεπτο
N79;κέλβιν ανά πασκάλ
J20;βαθμός Φαρενάιτ ανά Κέλβιν
J21;βαθμός Φαρενάιτ ανά μπαρ
J26;αντίστροφος βαθμός Φαρενάιτ
A48;βαθμός Ράνκιν
FAH;βαθμός Φαρενάιτ
J23;βαθμός Φαρενάιτ ανά ώρα
J24;βαθμός Φαρενάιτ ανά λεπτό
J25;βαθμός Φαρενάιτ ανά δευτερόλεπτο
J28;βαθμός Rankine ανά ώρα
J29;βαθμός Ράνκιν ανά λεπτό
J30;βαθμός Ράνκιν ανά δευτερόλεπτο
C91;αντίστροφο Κέλβιν ή Κέλβιν στη δύναμη μείον ένα
M20;αντίστροφο μεγακέλβιν ή μεγακέλβιν στη δύναμη μείον ένα
C64;πασκάλ ανά κέλβιν
F81;μπαρ ανά κέλβιν
J55;βατ δευτερόλεπτο
BTU;Βρετανική θερμική μονάδα (διεθνής πίνακας)
A1;15 °C θερμίδες
D70;θερμίδες (διεθνής πίνακας)
J39;Βρετανική θερμική μονάδα (μέσος όρος)
J75;θερμίδα (μέσος όρος)
K51;χιλιοθερμίδα (μέσος όρος)
E14;χιλιοθερμίδα (διεθνής πίνακας)
K53;χιλιοθερμίδα (θερμοχημική)
N66;Βρετανική θερμική μονάδα (39 ºF)
N67;Βρετανική θερμική μονάδα (59 ºF)
N68;Βρετανική θερμική μονάδα (60 ºF)
N69;θερμίδες (20 ºC)
N70;τετραπλό (1015 BtuIT)
N71;θερμική (ΕΚ)
N72;θερμ (ΗΠΑ)
D35;θερμίδα (θερμοχημική)
2I;Βρετανική θερμική μονάδα (διεθνής πίνακας) ανά ώρα
J44;Βρετανική θερμική μονάδα (διεθνής πίνακας) ανά λεπτό
J45;Βρετανική θερμική μονάδα (διεθνής πίνακας) ανά δευτερόλεπτο
J47;Βρετανική θερμική μονάδα (θερμοχημική) ανά ώρα
J51;Βρετανική θερμική μονάδα (θερμοχημική) ανά λεπτό
J52;Βρετανική θερμική μονάδα (θερμοχημική) ανά δευτερόλεπτο
J81;θερμίδα (θερμοχημική) ανά λεπτό
J82;θερμίδα (θερμοχημική) ανά δευτερόλεπτο
E15;χιλιοθερμίδα (θερμοχημική) ανά ώρα
K54;χιλιοθερμίδα (θερμοχημική) ανά λεπτό
K55;χιλιοθερμίδα (θερμοχημική) ανά δευτερόλεπτο
D54;βατ ανά τετραγωνικό μέτρο
N48;βατ ανά τετραγωνικό εκατοστό
N49;βατ ανά τετραγωνική ίντσα
N50;Βρετανική θερμική μονάδα (διεθνής πίνακας) ανά τετραγωνικό πόδι ώρας
N51;Βρετανική θερμική μονάδα (θερμοχημική) ανά τετραγωνικό πόδι ώρας
N52;Βρετανική θερμική μονάδα (θερμοχημική) ανά τετραγωνικό πόδι λεπτό
N53;Βρετανική θερμική μονάδα (διεθνής πίνακας) ανά τετραγωνικό πόδι δευτερόλεπτο
N54;Βρετανική θερμική μονάδα (θερμοχημική) ανά τετραγωνικό πόδι δευτερόλεπτο
N55;Βρετανική θερμική μονάδα (διεθνής πίνακας) ανά τετραγωνική ίντσα δευτερόλεπτο
N56;θερμίδα (θερμοχημική) ανά τετραγωνικό εκατοστό λεπτό
N57;θερμίδα (θερμοχημική) ανά τετραγωνικό εκατοστό του δευτερολέπτου
D53;βατ ανά μέτρο κέλβιν
N80;βατ ανά μέτρο, βαθμός Κελσίου
N81;κιλοβάτ ανά μέτρο κέλβιν
N82;κιλοβάτ ανά μέτρο βαθμός Κελσίου
A22;Βρετανική θερμική μονάδα (διεθνής πίνακας) ανά δευτερόλεπτο πόδι, βαθμός Ράνκιν
D71;θερμίδα (διεθνής πίνακας) ανά δευτερόλεπτο εκατοστό κέλβιν
D38;θερμίδα (θερμοχημική) ανά δευτερόλεπτο εκατοστόμετρο κέλβιν
J40;Βρετανική θερμική μονάδα (διεθνής πίνακας) πόδι ανά ώρα τετραγωνικό πόδι βαθμός Φαρενάιτ
J41;Βρετανική θερμική μονάδα (διεθνής πίνακας) ίντσα ανά ώρα τετραγωνικό πόδι βαθμός Φαρενάιτ
J42;Βρετανική θερμική μονάδα (διεθνής πίνακας) ίντσα ανά δευτερόλεπτο τετραγωνικό πόδι βαθμός Φαρενάιτ
J46;Βρετανική θερμική μονάδα (θερμοχημική) πόδι ανά ώρα τετραγωνικό πόδι βαθμός Φαρενάιτ
J48;Βρετανική θερμική μονάδα (θερμοχημική) ίντσα ανά ώρα τετραγωνικό πόδι βαθμός Φαρενάιτ
J49;Βρετανική θερμική μονάδα (θερμοχημική) ίντσα ανά δευτερόλεπτο τετραγωνικό πόδι βαθμός Φαρενάιτ
J78;θερμίδα (θερμοχημική) ανά εκατοστό του δευτέρου βαθμού Κελσίου
K52;χιλιοθερμίδα (διεθνής πίνακας) ανά ώρα μέτρο βαθμός Κελσίου
D55;βατ ανά τετραγωνικό μέτρο κέλβιν
N78;κιλοβάτ ανά τετραγωνικό μέτρο κέλβιν
D72;θερμίδα (διεθνής πίνακας) ανά δευτερόλεπτο τετραγωνικό εκατοστό κέλβιν
D39;θερμίδα (θερμοχημική) ανά δευτερόλεπτο τετραγωνικό εκατοστό κέλβιν
A20;Βρετανική θερμική μονάδα (διεθνής πίνακας) ανά δευτερόλεπτο τετραγωνικό πόδι, βαθμός Ράνκιν
A23;Βρετανική θερμική μονάδα (διεθνής πίνακας) ανά ώρα τετραγωνικό πόδι βαθμός Ράνκιν
N74;Βρετανική θερμική μονάδα (διεθνής πίνακας) ανά ώρα τετραγωνικό πόδι βαθμός Φαρενάιτ
N75;Βρετανική θερμική μονάδα (θερμοχημική) ανά ώρα τετραγωνικό πόδι βαθμός Φαρενάιτ
N76;Βρετανική θερμική μονάδα (διεθνής πίνακας) ανά δευτερόλεπτο τετραγωνικό πόδι, βαθμός Φαρενάιτ
N77;Βρετανική θερμική μονάδα (θερμοχημική) ανά δευτερόλεπτο τετραγωνικό πόδι, βαθμός Φαρενάιτ
D19;τετραγωνικό μέτρο κέλβιν ανά βατ
J19;βαθμός Φαρενάιτ ώρα τετραγωνικό πόδι ανά βρετανική θερμική μονάδα (θερμοχημική)
J22;βαθμούς Φαρενάιτ ώρα τετραγωνικό πόδι ανά βρετανική θερμική μονάδα (διεθνής πίνακας)
J83;κλω
L14;τετραγωνικό μέτρο ώρας βαθμός Κελσίου ανά χιλιοθερμίδα (διεθνής πίνακας)
B21;κέλβιν ανά βατ
H35;μέτρο κέλβιν ανά βατ
N84;βαθμός Φαρενάιτ ώρα ανά βρετανική θερμική μονάδα (διεθνής πίνακας)
N85;βαθμός Φαρενάιτ ώρα ανά βρετανική θερμική μονάδα (θερμοχημική)
N86;βαθμός Φαρενάιτ δευτερόλεπτο ανά βρετανική θερμική μονάδα (διεθνής πίνακας)
N87;βαθμός Φαρενάιτ δευτερόλεπτο ανά βρετανική θερμική μονάδα (θερμοχημική)
N88;βαθμός Φαρενάιτ ώρα τετραγωνικό πόδι ανά βρετανική θερμική μονάδα (διεθνής πίνακας) ίντσα
N89;βαθμός Φαρενάιτ ώρα τετραγωνικό πόδι ανά βρετανική θερμική μονάδα (θερμοχημική) ίντσα
D52;βατ ανά κέλβιν
E97;χιλιοστόμετρο ανά βαθμό Κελσίου μέτρο
F53;χιλιοστόμετρο ανά κέλβιν
N83;μέτρο ανά βαθμό Κελσίου μέτρο
JE;τζάουλ ανά κέλβιν
B41;κιλοτζάουλ ανά κέλβιν
J43;Βρετανική θερμική μονάδα (διεθνής πίνακας) ανά λίβρα, βαθμό Φαρενάιτ
J50;Βρετανική θερμική μονάδα (θερμοχημική) ανά λίβρα, βαθμό Φαρενάιτ
J76;θερμίδες (διεθνής πίνακας) ανά γραμμάριο, βαθμός Κελσίου
J79;θερμίδα (θερμοχημική) ανά γραμμάριο, βαθμός Κελσίου
N60;Βρετανική θερμική μονάδα (διεθνής πίνακας) ανά βαθμό Φαρενάιτ
N61;Βρετανική θερμική μονάδα (θερμοχημική) ανά βαθμό Φαρενάιτ
N62;Βρετανική θερμική μονάδα (διεθνής πίνακας) ανά βαθμό Rankine
N63;Βρετανική θερμική μονάδα (θερμοχημική) ανά βαθμό Rankine
N64;Βρετανική θερμική μονάδα (θερμοχημική) ανά λίβρα βαθμό Ράνκιν
N65;χιλιοθερμίδα (διεθνής πίνακας) ανά γραμμάριο κέλβιν
B11;τζάουλ ανά κιλό κέλβιν
B43;κιλοτζάουλ ανά κιλό κέλβιν
A21;Βρετανική θερμική μονάδα (διεθνής πίνακας) ανά λίβρα, βαθμός Ράνκιν
D76;θερμίδες (διεθνής πίνακας) ανά γραμμάριο κέλβιν
D37;θερμίδα (θερμοχημική) ανά γραμμάριο κέλβιν
J2;τζάουλ ανά κιλό
D95;τζάουλ ανά γραμμάριο
JK;μεγατζάουλ ανά κιλό
B42;κιλοτζάουλ ανά κιλό
AZ;Βρετανική θερμική μονάδα (διεθνής πίνακας) ανά λίβρα
D75;θερμίδες (διεθνής πίνακας) ανά γραμμάριο
N73;Βρετανική θερμική μονάδα (θερμοχημική) ανά λίβρα
B36;θερμίδα (θερμοχημική) ανά γραμμάριο
N58;Βρετανική θερμική μονάδα (διεθνής πίνακας) ανά κυβικό πόδι
N59;Βρετανική θερμική μονάδα (θερμοχημική) ανά κυβικό πόδι
Q31;κιλοτζάουλ ανά γραμμάριο
AMP;αμπέρ
B22;κιλοαμπέρ
H38;μεγααμπέρ
4K;μιλιαμπέρ
B84;μικροαμπέρ
C39;νανοαμπέρ
C70;πικοαμπέρ
N96;βιοτ
N97;μονάδα μαγνητοκινητικής δύναμης
COU;κουλόμβ
A8;αμπέρ δευτερόλεπτο
H32;αμπέρ στο τετράγωνο του δευτερολέπτου
AMH;ωριαίο αμπέρ
TAH;κιλοαμπερώρια (χιλιάδες αμπέρ ώρες)
D77;μεγακουλόμπ
D86;χιλιοκουλόμπ
B26;κιλοκουλόμπ
B86;μικροκουλόμπ
C40;νανοκουλόμπ
C71;πικοκουλόμπ
E09;χιλιοαμπέρ ώρα
N95;αμπέρ λεπτό
N94;Φράνκλιν
A29;κουλόμπ ανά κυβικό μέτρο
A84;γιγακουλόμπ ανά κυβικό μέτρο
A30;κουλόμπ ανά κυβικό χιλιοστό
B69;μεγακουλόμπ ανά κυβικό μέτρο
A28;κουλόμπ ανά κυβικό εκατοστό
B27;κιλοκουλόμπ ανά κυβικό μέτρο
D88;μιλικουλόμπ ανά κυβικό μέτρο
B87;μικροκουλόμπ ανά κυβικό μέτρο
A34;κουλόμπ ανά τετραγωνικό μέτρο
B70;μεγακουλόμπ ανά τετραγωνικό μέτρο
A35;κουλόμπ ανά τετραγωνικό χιλιοστό
A33;κουλόμπ ανά τετραγωνικό εκατοστό
B28;κιλοκουλόμπ ανά τετραγωνικό μέτρο
D89;μιλικουλόμπ ανά τετραγωνικό μέτρο
B88;μικροκουλόμπ ανά τετραγωνικό μέτρο
D50;βολτ ανά μέτρο
H45;βολτ δευτερόλεπτο ανά μέτρο
D45;βολτ στο τετράγωνο ανά κέλβιν στο τετράγωνο
D51;βολτ ανά χιλιοστό
H24;βολτ ανά μικροδευτερόλεπτο
H62;χιλιοβολτ ανά λεπτό
H46;βολτ ανά δευτερόλεπτο
B79;μεγαβόλτ ανά μέτρο
B55;κιλοβόλτ ανά μέτρο
D47;βολτ ανά εκατοστό
C30;χιλιοβολτ ανά μέτρο
C3;μικροβόλτ ανά μέτρο
G60;βολτ ανά μπαρ
N98;βολτ ανά πασκάλ
F87;βολτ ανά λίτρο λεπτό
H22;βολτ τετραγωνική ίντσα ανά λίβρα-δύναμη
H23;βολτ ανά ίντσα
VLT;βόλτ
B78;μεγαβόλτ
KVT;κιλοβόλτ
2Z;χιλιοβολτ
D82;μικροβόλτ
N99;πικόβολτ
FAR;ηλεκτρική μονάδα
H48;αττοφαράντ
C10;χιλιοστοφαράντ
4O;μικροφαράντ
C41;νανοφαράντ
4T;πικοφαράντ
N90;κιλοφαράντ
A69;φαράντ ανά μέτρο
H28;μικροφαράντ ανά χιλιόμετρο
H33;φαράντ ανά χιλιόμετρο
B89;μικροφαράντ ανά μέτρο
C42;νανοφαράντ ανά μέτρο
C72;πικοφαράντ ανά μέτρο
A26;μέτρο κουλόμπ
A41;αμπέρ ανά τετραγωνικό μέτρο
H31;αμπέρ ανά κιλό
B66;μεγααμπέρ ανά τετραγωνικό μέτρο
A7;αμπέρ ανά τετραγωνικό χιλιοστό
A4;αμπέρ ανά τετραγωνικό εκατοστό
B23;κιλοαμπέρ ανά τετραγωνικό μέτρο
G59;μιλιαμπέρ ανά λίτρο λεπτό
N93;αμπέρ ανά πασκάλ
F57;milliampere ανά λίβρα-δύναμη ανά τετραγωνική ίντσα
F59;μιλιαμπέρ ανά μπαρ
AE;αμπέρ ανά μέτρο
B24;κιλοαμπέρ ανά μέτρο
A3;αμπέρ ανά χιλιοστό
A2;αμπέρ ανά εκατοστό
F76;μιλιαμπέρ ανά χιλιοστόμετρο
F08;μιλιαμπέρ ανά ίντσα
P10;κουλόμπ ανά μέτρο
D33;Τέσλα
C29;μιλιτέσλα
D81;μικροτέσλα
C48;νανοτέσλα
P13;κιλοτέσλα
P12;γάμμα
WEB;Βέμπερ
C33;μιλιγουέμπερ
P11;κιλοουέμπερ
D59;βέμπερ ανά μέτρο
B56;κιλοβάμπερ ανά μέτρο
D60;βέμπερ ανά χιλιοστό
81;αυτεπαγωγής
C14;χιλιοχένρι
B90;μικροχένρι
C43;νανοχένρι
C73;πικοένρι
H03;χένρι ανά κιλοώμ
H04;χένρι ανά ωμ
G98;μικροχένρι ανά κιλοώμ
G99;μικροχένρι ανά ωμ
H05;μιλιχένρι ανά κιλοώμ
H06;χιλιοστό του χεριού ανά ωμ
P24;κιλοχένρι
A98;χένρι ανά μέτρο
B91;μικροχένρι ανά μέτρο
C44;νανοχένρι ανά μέτρο
A5;αμπέρ τετραγωνικό μέτρο
B8;τζάουλ ανά κυβικό μέτρο
OHM;ωμ
A87;γιγαώμ
B75;μεγαώμ
H44;τεραόμ
B49;κιλοώμ
E45;μιλιώμ
B94;μικροωμ
P22;νανοώμ
M26;γιγαώμ ανά μέτρο
SIE;Σίμενς
B53;χιλιοζίμενς
C27;μιλισίμενς
B99;μικροσίμενς
G42;μικροσίμενς ανά εκατοστό
G43;μικροσίμενς ανά μέτρο
N92;πικοζιμένς
NQ;mho
NR;μικρομό
C61;ωμόμετρο
A88;γιγαωμόμετρο
B76;μεγαωμόμετρο
H88;μεγαώμ χιλιόμετρο
B50;κιλοωμόμετρο
C60;ωμ εκατοστό
C23;χιλιομετρικό μέτρο
B95;μικροωμόμετρο
C46;νανοωμόμετρο
M24;ωμ χιλιόμετρο
P23;ωμ κυκλικό-μίλι ανά πόδι
F56;ωμ ανά χιλιόμετρο
H26;ωμ ανά μέτρο
H37;μεγαώμ ανά μέτρο
F54;μιλιώμ ανά μέτρο
H36;μεγαώμ ανά χιλιόμετρο
F55;ωμ ανά μίλι (νόμιμο μίλι)
D10;siemens ανά μέτρο
H43;siemens ανά εκατοστό
H61;χιλιοστά του σίμενς ανά εκατοστό
B77;μεγασίμενς ανά μέτρο
B54;κιλοζίμεν ανά μέτρο
G45;νανοζήμενς ανά μέτρο
G44;νανοζήμενς ανά εκατοστό
L42;πικοζίμενς ανά μέτρο
C89;αμοιβαίος Χένρι
P14;τζάουλ ανά δευτερόλεπτο
D31;τεραβάτ
P15;τζάουλ ανά λεπτό
P16;τζάουλ ανά ώρα
P17;τζάουλ ανά ημέρα
P18;κιλοτζάουλ ανά δευτερόλεπτο
P19;κιλοτζάουλ ανά λεπτό
P20;κιλοτζάουλ ανά ώρα
P21;κιλοτζάουλ ανά ημέρα
K43;ιπποδύναμη (ηλεκτρική)
C49;νανοβάτ
C75;πικοβάτ
D46;βολτ - αμπέρ
MVA;μεγαβόλτ - αμπέρ
KVA;κιλοβόλτ - αμπέρ
M35;μιλιβόλτ - αμπέρ
D44;μεταβλητή
K5;κιλοβόλτ αμπέρ (άεργο)
KVR;κιλοβάρος
MAR;μεγαβάρα
N91;αντίστροφο τζάουλ
M30;αντίστροφο βολτ - αμπέρ αντίστροφο δευτερόλεπτο
M17;κιλοχέρτζ μέτρο
M18;γιγαχέρτζ μέτρο
M27;μεγαχέρτζ μέτρο
M21;αντίστροφη κιλοβόλτ - αμπέρ αντίστροφη ώρα
H34;hertz meter
H39;μεγαχέρτζ χιλιόμετρο
C84;ακτίνιο ανά μέτρο
JM;μεγατζάουλ ανά κυβικό μέτρο
B14;τζάουλ ανά μέτρο στην τέταρτη δύναμη
B13;τζάουλ ανά τετραγωνικό μέτρο
D1;αντίστροφο δευτερόλεπτο ανά στερακτίνιο
D2;αντίστροφο δευτερόλεπτο ανά στερακτίνιο μέτρο στο τετράγωνο
C99;αντίστροφο δευτερόλεπτο ανά τετραγωνικό μέτρο
C93;αντίστροφο τετραγωνικό μέτρο
H47;βατ ανά κυβικό μέτρο
H74;βατ ανά μέτρο
E43;τζάουλ ανά τετραγωνικό εκατοστό
P37;Βρετανική θερμική μονάδα (διεθνής πίνακας) ανά τετραγωνικό πόδι
P38;Βρετανική θερμική μονάδα (θερμοχημική) ανά τετραγωνικό πόδι
P39;θερμίδα (θερμοχημική) ανά τετραγωνικό εκατοστό
P40;Λάνγκλεϊ
D57;βατ ανά στερακτίνιο
D58;watt ανά στεραδικό τετραγωνικό μέτρο
D56;βατ ανά τετραγωνικό μέτρο κέλβιν στην τέταρτη δύναμη
D18;μέτρο Κέλβιν
CDL;κανδέλα
P33;κιλοκαντέλα
P34;μιλικαντέλα
P35;Χέφνερ-Κέρζε
P36;διεθνές κερί
LUM;μονάδα φωτισμού
B62;δευτερόλεπτο αυλού
B59;ώρα λούμεν
A24;καντέλα ανά τετραγωνικό μέτρο
P28;καντέλα ανά τετραγωνική ίντσα
P29;footlambert
P30;Λάμπερτ
P31;στυλμπ
P32;καντέλα ανά τετραγωνικό πόδι
B60;lumen ανά τετραγωνικό μέτρο
LUX;πολυτέλεια
KLX;κιλολούξ
P25;lumen ανά τετραγωνικό πόδι
P26;φωτογραφία
P27;κερί ποδιού
B64;lux δεύτερο
B63;ώρα πολυτελείας
B61;lumen ανά watt
D22;τετραγωνικό μέτρο ανά γραμμομόριο
C59;οκτάβα
D9;dyne ανά τετραγωνικό εκατοστό
A60;εργόμετρο ανά κυβικό εκατοστό
C32;μιλιβάτ ανά τετραγωνικό μέτρο
D85;μικροβάτ ανά τετραγωνικό μέτρο
C76;πικοβάτ ανά τετραγωνικό μέτρο
A64;εργόμετρο ανά δευτερόλεπτο τετραγωνικό εκατοστό
C67;πασκάλ δευτερόλεπτο ανά μέτρο
A50;dyne δευτερόλεπτο ανά κυβικό εκατοστό
C66;πασκάλ δευτερόλεπτο ανά κυβικό μέτρο
A52;dyne δεύτερο εκατοστό στην πέμπτη δύναμη
M32;πασκάλ δευτερόλεπτο ανά λίτρο
C58;νιούτον δευτερόλεπτο ανά μέτρο
A51;dyne δευτερόλεπτο ανά εκατοστό
P43;μπελ ανά μέτρο
H51;ντεσιμπέλ ανά χιλιόμετρο
H52;ντεσιμπέλ ανά μέτρο
C69;τηλέφωνο
D15;ήχος
P42;Πασκάλ στο τετράγωνο του δευτερολέπτου
P41;δεκαετία (λογαριθμική)
C34;τυφλοπόντικας
B45;χιλιομόριο
C18;χιλιοστογραμμομόριο
FH;μικρομόριο
Z9;νανομόλιο
P44;λίβρα μόλο
C95;αμοιβαίος τυφλοπόντικας
D74;κιλό ανά γραμμομόριο
A94;γραμμάριο ανά γραμμομόριο
A40;κυβικό μέτρο ανά γραμμομόριο
A37;κυβικό δεκατόμετρο ανά γραμμομόριο
A36;κυβικό εκατοστό ανά γραμμομόριο
B58;λίτρο ανά γραμμομόριο
B15;τζάουλ ανά γραμμομόριο
B44;κιλοτζάουλ ανά γραμμομόριο
B16;τζάουλ ανά γραμμομόριο κέλβιν
C86;αντίστροφο κυβικό μέτρο
H50;αντίστροφο κυβικό εκατοστό
L20;αντίστροφο κυβικό χιλιοστό
K20;αντίστροφο κυβικό πόδι
K49;αντίστροφη κυβική ίντσα
K63;αντίστροφο λίτρο
M10;αντίστροφη κυβική γιάρδα
C36;γραμμομόριο ανά κυβικό μέτρο
C38;γραμμομόριο ανά λίτρο
C35;γραμμομόριο ανά κυβικό δεκατόμετρο
B46;χιλιομόριο ανά κυβικό μέτρο
E95;γραμμομόριο ανά δευτερόλεπτο
M33;χιλιοστογραμμομόριο ανά λίτρο
P51;mol ανά κιλό πασκάλ
P52;mol ανά κυβικό μέτρο pascal
K59;κιλομόριο ανά κυβικό μέτρο κέλβιν
K60;κιλομόριο ανά κυβικό μέτρο bar
K93;αμοιβαίο psi
L24;γραμμομόριο ανά κιλό κέλβιν
L25;γραμμομόριο ανά κιλό ράβδος
L26;γραμμομόριο ανά λίτρο κέλβιν
L27;γραμμομόριο ανά λίτρο σε ράβδο
L28;γραμμομόριο ανά κυβικό μέτρο κέλβιν
L29;γραμμομόριο ανά κυβικό μέτρο bar
C19;γραμμομόριο ανά κιλό
D93;δευτερόλεπτο ανά κυβικό μέτρο
D87;χιλιοστογραμμομόριο ανά κιλό
H68;χιλιοστογραμμομόριο ανά γραμμάριο
P47;χιλιομόριο ανά κιλό
P48;λίβρα mol ανά λίβρα
KAT;κατάλ
E94;χιλιομόριο ανά δευτερόλεπτο
P45;λίβρα-μολ ανά δευτερόλεπτο
P46;λίβρα mol ανά λεπτό
D43;ενοποιημένη ατομική μονάδα μάζας
A27;κουλόμπ μέτρο στο τετράγωνο ανά βολτ
A32;κουλόμπ ανά γραμμομόριο
D12;τετραγωνικό μέτρο Siemens ανά γραμμομόριο
K58;χιλιομόριο ανά ώρα
K61;χιλιομόριο ανά λεπτό
L23;γραμμομόριο ανά ώρα
L30;γραμμομόριο ανά λεπτό
C82;ακτίνιο τετραγωνικό μέτρο ανά γραμμομόριο
C83;ακτίνιο τετραγωνικό μέτρο ανά κιλό
P49;νιούτον τετραγωνικό μέτρο ανά αμπέρ
P50;μέτρο Βέμπερ
Q30;pH (δυναμικό υδρογόνου)
B18;τζάουλ δευτερόλεπτο
A10;αμπέρ τετραγωνικό μέτρο ανά τζάουλ δευτερόλεπτο
CUR;μονάδα ραδιοενέργειας
MCU;μιλικιουρί
M5;μικροκιουρί
2R;κιλοκιουρί
BQL;μπεκερέλ
GBQ;γιγαμπεκερέλ
2Q;κιλομπεκερέλ
4N;μεγαμπεκερέλ
H08;μικροβεκερέλ
A42;κιουρί ανά κιλό
A18;μπεκερέλ ανά κιλό
B67;μεγαμπεκερέλ ανά κιλό
B25;κιλομπεκερέλ ανά κιλό
A19;μπεκερέλ ανά κυβικό μέτρο
A14;σιταποθήκη
D24;τετραγωνικό μέτρο ανά στερακτίνιο
A17;αχυρώνας ανά στερακτίνιο
D20;τετραγωνικό μέτρο ανά joule
A15;μπαρν ανά ηλεκτρονιοβόλτ
D16;τετραγωνικό εκατοστό ανά εργόμετρο
D25;τετραγωνικό μέτρο ανά steradian joule
A16;αχυρώνα ανά steradian electronvolt
D17;τετραγωνικό εκατοστό ανά στεραδικό εργ
B81;αντίστροφο μέτρο τετράγωνο αντίστροφο δευτερόλεπτο
A65;εργόμετρο ανά τετραγωνικό εκατοστό δευτερόλεπτο
D21;τετραγωνικό μέτρο ανά κιλό
B12;τζάουλ ανά μέτρο
A54;ηλεκτρονιοβόλτ ανά μέτρο
A58;erg ανά εκατοστό
D73;τζάουλ τετραγωνικό μέτρο
A55;ηλεκτρονιοβόλτ τετραγωνικό μέτρο
A66;εργόμετρο τετραγωνικό εκατοστό
B20;τζάουλ τετραγωνικό μέτρο ανά κιλό
A56;ηλεκτρονιοβόλτ τετραγωνικό μέτρο ανά κιλό
A67;erg τετραγωνικό εκατοστό ανά γραμμάριο
D26;τετραγωνικό μέτρο ανά βολτ δευτερόλεπτο
H58;μέτρο ανά βολτ δευτερόλεπτο
C98;αντίστροφο δευτερόλεπτο ανά κυβικό μέτρο
C87;αντίστροφο κυβικό μέτρο ανά δευτερόλεπτο
A95;γκρί
C13;μιλιγκρέι
C80;ραδιόφωνο
A61;εργόμετρο ανά γραμμάριο
D13;σιβέρτ
C28;μιλισίβερτ
D91;υπόλοιπο
L31;άνδρες ισοδύναμου χιλιοστορυγχίου
A96;γκρι ανά δευτερόλεπτο
A62;erg ανά γραμμάριο δευτερόλεπτο
CKG;κουλόμπ ανά κιλό
C8;χιλιοκουλόμπ ανά κιλό
2C;ακτινογραφία
2Y;χιλιοστορέντγκεν
J53;τετραγωνικό μέτρο κουλόμπ ανά κιλό
KR;χιλιοροεντγκέν
A31;κουλόμπ ανά κιλό δευτερόλεπτο
D6;ακτινογραφία ανά δευτερόλεπτο
P54;χιλιοστογραμμάρια ανά δευτερόλεπτο
P55;μικρογκρι ανά δευτερόλεπτο
P56;νανογκρι ανά δευτερόλεπτο
P57;γκρι ανά λεπτό
P58;χιλιοστογραμμάρια ανά λεπτό
P59;μικρογκρι ανά λεπτό
P60;νανογκρι ανά λεπτό
P61;γκρι ανά ώρα
P62;χιλιοστογραμμάριο ανά ώρα
P63;μικρογκρι ανά ώρα
P64;νανογκρι ανά ώρα
P65;σίβερτ ανά δευτερόλεπτο
P66;μιλισιβέρτ ανά δευτερόλεπτο
P67;μικροσίβερτ ανά δευτερόλεπτο
P68;νανοσίβερτ ανά δευτερόλεπτο
P69;rem ανά δευτερόλεπτο
P70;σίβερτ ανά ώρα
P71;μιλισιβέρτ ανά ώρα
P72;μικροσίβερτ ανά ώρα
P73;νανοσίβερτ ανά ώρα
P74;σίβερτ ανά λεπτό
P75;μιλισιβέρτ ανά λεπτό
P76;μικροσίβερτ ανά λεπτό
P77;νανοσίβερτ ανά λεπτό
P78;αντίστροφη τετραγωνική ίντσα
P53;πόλο μονάδας
C85;αμοιβαίο άγκστρομ
D94;δευτερόλεπτο ανά κυβικό μέτρο ακτίνιο
C90;αντίστροφο joule ανά κυβικό μέτρο
C88;αντίστροφο ηλεκτρονιοβόλτ ανά κυβικό μέτρο
A38;κυβικό μέτρο ανά κουλόμπ
D48;βολτ ανά κέλβιν
D49;μιλιβόλτ ανά κέλβιν
A6;αμπέρ ανά τετραγωνικό μέτρο κέλβιν στο τετράγωνο
33;κιλοπασκάλ τετραγωνικό μέτρο ανά γραμμάριο
P79;πασκάλ τετραγωνικό μέτρο ανά κιλό
34;κιλοπασκάλ ανά χιλιοστόμετρο
H42;πασκάλ ανά μέτρο
H69;πικοπασκάλ ανά χιλιόμετρο
P80;χιλιοστοπασκάλ ανά μέτρο
P81;κιλοπασκάλ ανά μέτρο
P82;εκτοπασκάλ ανά μέτρο
P83;τυπική ατμόσφαιρα ανά μέτρο
P84;τεχνική ατμόσφαιρα ανά μέτρο
P85;τόρρ ανά μέτρο
P86;psi ανά ίντσα
35;χιλιοστόλιτρο ανά τετραγωνικό εκατοστό δευτερόλεπτο
36;κυβικό πόδι ανά λεπτό ανά τετραγωνικό πόδι
P87;κυβικό μέτρο ανά δευτερόλεπτο τετραγωνικό μέτρο
OPM;ταλαντώσεις ανά λεπτό
KNM;κιλονιούτον ανά τετραγωνικό μέτρο
Q35;μεγαβάτ ανά λεπτό
5;ανελκυστήρας
6;μικρό ψεκασμό
8;θερμαινόμενο οικόπεδο
10;ομάδα
11;εξοπλισμός
13;σιτηρέσιο
14;βολή
15;ραβδί, στρατιωτικός
16;βαρέλι εκατόν δεκαπέντε κιλών
17;βαρέλι εκατό λιβρών
18;βαρέλι πενήντα πέντε γαλονιών (ΗΠΑ)
19;βυτιοφόρο
20;εμπορευματοκιβώτιο των είκοσι ποδιών
21;εμπορευματοκιβώτιο σαράντα ποδιών
24;θεωρητική λίρα
26;πραγματικός τόνος
27;θεωρητικός τόνος
29;λίβρα ανά χίλια τετραγωνικά πόδια
30;ιπποδύναμη ημέρα ανά μετρικό τόνο ξηρού αέρα
31;βάρος αλίευσης
32;κιλό ανά μετρικό τόνο ξηραμένου στον αέρα
38;ουγγιά ανά τετραγωνικό πόδι ανά 0,01 ίντσα
43;σούπερ τσάντα χύμα
44;τσάντα χύμα πεντακοσίων κιλών
45;τσάντα χύμα τριακόσια κιλά
46;τσάντα χύμα πενήντα λιβρών
47;τσάντα πενήντα λιβρών
48;χύμα φορτίο αυτοκινήτου
53;θεωρητικό κιλό
54;θεωρητικός τόνος
56;σίτας
57;πλέγμα
58;καθαρό κιλό
59;μέρος ανά εκατομμύριο
60;ποσοστό βάρους
61;μέρος ανά δισεκατομμύριο (ΗΠΑ)
62;ποσοστό ανά 1000 ώρες
63;ποσοστό αποτυχίας στο χρόνο
64;λίβρα ανά τετραγωνική ίντσα, μετρητής
66;Όρστεντ
69;κλίμακα ειδική για τη δοκιμή
71;βολτ αμπέρ ανά λίβρα
72;βατ ανά λίβρα
73;αμπέρ tum ανά εκατοστό
76;γκαους
78;κιλόγκαους
84;κιλολίβρα-δύναμη ανά τετραγωνική ίντσα
90;Saybold καθολική δεύτερη
92;θερμίδα ανά κυβικό εκατοστό
93;θερμίδα ανά γραμμάριο
94;μονάδα μπούκλας
95;βυτιοφόρο είκοσι χιλιάδων γαλονιών (ΗΠΑ)
96;βυτιοφόρο δέκα χιλιάδων γαλονιών (ΗΠΑ)
97;βαρέλι δέκα κιλών
98;βαρέλι δεκαπέντε κιλών
1A;μίλι αυτοκινήτου
1B;αριθμός αυτοκινήτων
1C;αριθμός ατμομηχανών
1D;καταμέτρηση βαγόνι
1E;άδειο αυτοκίνητο
1F;μίλι τρένου
1G;κατανάλωση καυσίμου σε γαλόνι (ΗΠΑ)
1H;μίλι βαγονιού
1I;σταθερό επιτόκιο
1J;τόνο μίλι
1K;μίλι ατμομηχανής
1L;συνολικός αριθμός αυτοκινήτων
1M;συνολικό μίλι αυτοκινήτου
1X;τέταρτο του μιλίου
2G;βολτ AC
2H;βολτ συνεχούς ρεύματος
2P;κιλομπάιτ
2V;μεγαγραμμάριο ανά ώρα
2W;αποθήκη
3C;ανθρωπομήνας
3E;λίβρα ανά λίβρα προϊόντος
3G;λίβρα ανά τεμάχιο προϊόντος
3H;κιλό ανά κιλό προϊόντος
3I;κιλό ανά τεμάχιο προϊόντος
4A;κουβαρίστρα
4B;καπάκι
4E;είκοσι πακέτο
4L;μεγαμπάιτ
5B;σύνολο παραγωγής
5C;γαλόνι (ΗΠΑ) ανά χίλια
5E;MMSCF/ημέρα
5F;λίβρα ανά χίλια
5G;αντλία
5H;στάδιο
5J;υδραυλική ιπποδύναμη
5K;μέτρηση ανά λεπτό
5P;σεισμικό επίπεδο
5Q;σεισμική γραμμή
A43;χωρητικότητα νεκρού βάρους
A47;ντεσιτέξ
A49;αρνητής
A59;Νεφοκάλυψη 8 μερών
A75;τόννος φορτίου
A77;Μονάδα μετατόπισης Gaussian CGS (σύστημα εκατοστού-γραμμαρίου-δευτερολέπτου)
A78;Μονάδα ηλεκτρικού ρεύματος σε Gaussian CGS (σύστημα εκατοστού-γραμμαρίου-δευτερολέπτου)
A79;Μονάδα ηλεκτρικού φορτίου Gaussian CGS (σύστημα εκατοστού-γραμμαρίου-δευτερολέπτου)
A80;Μονάδα έντασης ηλεκτρικού πεδίου Gaussian CGS (σύστημα εκατοστού-γραμμαρίου-δευτερολέπτου)
A81;Μονάδα ηλεκτρικής πόλωσης Gaussian CGS (σύστημα εκατοστού-γραμμαρίου-δευτερολέπτου)
A82;Μονάδα ηλεκτρικού δυναμικού Gaussian CGS (σύστημα εκατοστού-γραμμαρίου-δευτερόλεπτου)
A83;Μονάδα μαγνήτισης Gaussian CGS (σύστημα εκατοστού-γραμμαρίου-δευτερολέπτου)
A9;τιμή
A99;κομμάτι
AA;μπάλα
AB;συσκευασία χύμα
ACT;δραστηριότητα
AD;ψηφιόλεξη
AH;επιπλέον λεπτό
AI;μέσο λεπτό ανά κλήση
AJ;μπάτσος
AL;γραμμή πρόσβασης
AM;αμπούλα
AP;μόνο λίβρα αλουμινίου
AQ;μονάδα αντιαιμοφιλικού παράγοντα (AHF)
AR;υπόθετο
AS;συλλογή
ASM;αλκοολικός βαθμός κατά μάζα
ASU;αλκοολικός τίτλος κατ' όγκο
AV;κάψουλα
AW;φιαλίδιο γεμάτο με σκόνη
AY;συνέλευση
B0;Btu ανά κυβικό πόδι
B1;βαρέλι (ΗΠΑ) ανά ημέρα
B10;bit ανά δευτερόλεπτο
B17;πίστωση
B19;ψηφίο
B2;κουκέτα
B3;λίβρα κτυπήματος
B30;γκιμπιμπίτ
B4;βαρέλι, αυτοκρατορικό
B5;καταυλίζω
B6;κουλουράκι
B65;Μάξγουελ
B68;γιγαμπάιτ
B7;κύκλος
B80;γιγαμπάιτ ανά δευτερόλεπτο
B82;ίντσα ανά γραμμικό πόδι
B9;μπαταρία
BB;βασικό κουτί
BD;επιτροπή
BE;δέσμη
BFT;πόδι σανίδας
BG;τσάντα
BH;βούρτσα
BIL;δισεκατομμύριο (EUR)
BJ;κάδος
BK;καλάθι
BL;μπάλλα
BO;μπουκάλι
BP;εκατό πόδια σανίδας
BPM;παλμοί ανά λεπτό
BR;μπαρ [μονάδα συσκευασίας]
BT;μπουλόνι
BW;βασικό βάρος
BX;κουτί
BZ;εκατομμύρια BTU
C0;κλήση
C1;λίβρα σύνθετου προϊόντος (συνολικό βάρος)
C2;σετ αυτοκινήτων
C21;κιμπιμπίτ
C37;κιλομπάιτ
C4;φορτίο βαγονιού
C5;κόστος
C6;κύτταρο
C74;κιλομπάιτ ανά δευτερόλεπτο
C77;λίβρα μετρητή
C79;κιλοβολτ αμπέρ ώρα
C9;ομάδα πηνίων
CA;κουτί
CCT;φέρουσα ικανότητα σε μετρικούς τόνους
CEN;εκατό
CG;κάρτα
CH;δοχείο
CJ;κώνος
CK;σύνδεσμος
CL;σπείρα
CLF;εκατό φεύγουν
CNP;εκατό πακέτο
CNT;κεντρικό (Ηνωμένο Βασίλειο)
CO;νταμιτζάνα
CQ;φυσίγγιο
CR;σακαράκα
CS;περίπτωση
CT;χαρτοκιβώτιο
CTG;γραμμάριο περιεχομένου
CTM;μετρικό καράτι
CTN;τόνος περιεχομένου (μέτρηση)
CU;φλιτζάνι
CV;κάλυμμα
CY;κύλινδρος
CZ;συνδυασμός
D03;κιλοβατώρα ανά ώρα
D04;παρτίδα [μονάδα βάρους]
D11;μεμπιμπίτ
D14;χίλια γραμμικά γιάρδα
D23;γραμμάριο πένας (πρωτεΐνη)
D28;σιφόνι
D34;τεξ
D36;μεγαμπάιτ
D40;χιλιάδες λίτρα
D63;βιβλίο
D64;φραγμός
D65;γύρω
D66;κασέτα
D67;δολάριο ανά ώρα
D68;αριθμός λέξεων
D7;σάντουιτς
D78;μεγατζάουλ ανά δευτερόλεπτο
D79;δέσμη
D8;σκορ ντράιζ
D90;κυβικό μέτρο (καθαρό)
D92;ζώνη
D96;ακαθάριστη λίρα
D97;παλέτα/μονάδα φορτίου
D98;μαζική λίβρα
D99;μανίκι
DAD;δέκα ημέρες
DB;ξηρή λίβρα
DC;δίσκος (δίσκος)
DE;συμφωνία
DEC;δεκαετία
DI;δοχείο
DMO;τυπικό χιλιόλιτρο
DPC;δωδεκάδα τεμαχίων
DPR;δωδεκάδα ζεύγους
DPT;χωρητικότητα εκτοπίσματος
DQ;αρχείο δεδομένων
DR;τύμπανο
DRA;ντραμ (ΗΠΑ)
DRI;δράμα (Ηνωμένο Βασίλειο)
DRL;δωδεκάδα ρολό
DRM;δραχμή (Ηνωμένο Βασίλειο)
DS;επίδειξη
DT;ξηρός τόνος
DWT;βάρος 24 κόκκων
DY;βιβλίο καταλόγου
DZN;ντουζίνα
DZP;πακέτο δωδεκάδων
E07;μεγαβατώρα ανά ώρα
E08;μεγαβάτ ανά hertz
E10;ημέρα αποφοίτησης
E11;γιγαθερμίδα
E12;μύλος
E16;εκατομμύρια Btu (IT) ανά ώρα
E17;κυβικό πόδι ανά δευτερόλεπτο
E19;πινγκ
E2;ζώνη
E20;μεγαμπάιτ ανά δευτερόλεπτο
E21;μερίδια
E22;ΣΕΕ
E23;λάστιχο
E25;ενεργή μονάδα
E27;δόση
E28;τόνος ξηρού αέρα
E3;τροχόσπιτο
E30;νήμα
E31;τετραγωνικό μέτρο ανά λίτρο
E32;λίτρο ανά ώρα
E33;πόδι ανά χίλια
E34;γιγαμπάιτ
E35;τεραμπάιτ
E36;πεταμπάιτ
E37;εικονοκύτταρο
E38;megapixel
E39;κουκκίδες ανά ίντσα
E4;ακαθάριστο κιλό
E40;μέρος ανά εκατό χιλιάδες
E44;χιλιόγραμμο-δύναμη μέτρο ανά τετραγωνικό εκατοστό
E46;κιλοβατώρα ανά κυβικό μέτρο
E47;κιλοβατώρα ανά κέλβιν
E48;μονάδα εξυπηρέτησης
E49;εργάσιμη μέρα
E5;μετρικός μακρύς τόνος
E50;λογιστική μονάδα
E51;δουλειά
E52;τρέξιμο πόδι
E53;δοκιμή
E54;ταξίδι
E55;χρήση
E56;Λοιπόν
E57;ζώνη
E58;εξαμπίτ ανά δευτερόλεπτο
E59;exbibyte
E60;pebibyte
E61;τεμπιμπάιτ
E62;γιμπιμπάιτ
E63;mebibyte
E64;κιμπιμπάιτ
E65;έκθεση ανά μέτρο
E66;έκθεση ανά τετραγωνικό μέτρο
E67;έκπτωση ανά κυβικό μέτρο
E68;γιγαμπάιτ ανά δευτερόλεπτο
E69;γιμπιμπίτ ανά μέτρο
E70;γιμπιμπίτ ανά τετραγωνικό μέτρο
E71;γιμπιμπίτ ανά κυβικό μέτρο
E72;κιμπιμπίτ ανά μέτρο
E73;κιμπιμπίτ ανά τετραγωνικό μέτρο
E74;κιμπιμπίτ ανά κυβικό μέτρο
E75;μεμπιμπίτ ανά μέτρο
E76;μεμπιμπίτ ανά τετραγωνικό μέτρο
E77;μεμπιμπίτ ανά κυβικό μέτρο
E78;πεταμπίτ
E79;petabit ανά δευτερόλεπτο
E80;πεμπιμπίτ ανά μέτρο
E81;πεμπιμπίτ ανά τετραγωνικό μέτρο
E82;πεμπιμπίτ ανά κυβικό μέτρο
E83;τεραβίτ
E84;τεραμπίτ ανά δευτερόλεπτο
E85;τεμπιμπίτ ανά μέτρο
E86;τεμπιμπίτ ανά κυβικό μέτρο
E87;τεμπιμπίτ ανά τετραγωνικό μέτρο
E88;bit ανά μέτρο
E89;bit ανά τετραγωνικό μέτρο
E90;αντίστροφο εκατοστό
E91;αμοιβαία ημέρα
EA;κάθε
EB;ηλεκτρονικό ταχυδρομείο
EC;κάθε μήνα
EP;έντεκα πακέτο
EQ;ισοδύναμο γαλόνι
EV;φάκελος
F01;bit ανά κυβικό μέτρο
F1;χιλιάδες κυβικά πόδια ανά ημέρα
F24;κιλό ανά κιλόμολ
F9;ίνα ανά κυβικό εκατοστό αέρα
FB;πεδίο
FBM;μετρητής οπτικών ινών
FC;χιλιάδες κυβικά πόδια
FD;ένα εκατομμύριο σωματίδια ανά κυβικό πόδι
FE;μονοπάτι
FF;εκατό κυβικά μέτρα
FG;διαδερμικό έμπλαστρο
FIT;αποτυχίες στον χρόνο
FL;νιφάδες τόνου
FM;εκατομμύριο κυβικά πόδια
G7;φύλλο μικροφίλμ
GB;γαλόνι (ΗΠΑ) ανά ημέρα
GC;γραμμάριο ανά 100 γραμμάρια
GD;ακαθάριστο βαρέλι
GDW;γραμμάριο, ξηρό βάρος
GFI;γραμμάριο σχάσιμου ισοτόπου
GGR;μεγάλο αηδιαστικό
GH;μισό γαλόνι (ΗΠΑ)
GIA;βράγχιο (ΗΠΑ)
GIC;γραμμάριο, συμπεριλαμβανομένου του δοχείου
GII;βράγχιο (Ηνωμένο Βασίλειο)
GIP;γραμμάριο, συμπεριλαμβανομένης της εσωτερικής συσκευασίας
GK;γραμμάριο ανά κιλό
GN;ακαθάριστο γαλόνι
GRO;μικτός
GRT;ακαθάριστος τόνος
GT;ακαθάριστος τόνος
GW;γαλόνι ανά χίλια κυβικά πόδια
GY;ακαθάριστη αυλή
GZ;σύστημα μετρήσεων
H1;μισή σελίδα – ηλεκτρονική
H2;μισό λίτρο
H21;κενό
H25;ποσοστό ανά κέλβιν
H71;ποσοστό ανά μήνα
H72;ποσοστό ανά εκατόβαρο
H73;ποσοστό ανά δεκακέλβιν
H77;πλάτος ενότητας
H80;μονάδα rack
H82;μεγάλο σημείο
H87;κομμάτι
H89;ποσοστό ανά ωμ
H90;ποσοστό ανά βαθμό
H91;ποσοστό ανά δέκα χιλιάδες
H92;ποσοστό ανά εκατό χιλιάδες
H93;ποσοστό ανά εκατό
H94;ποσοστό ανά χίλια
H95;ποσοστό ανά βολτ
H96;ποσοστό ανά μπάρα
H98;ποσοστό ανά ίντσα
H99;ποσοστό ανά μέτρο
HA;δέσμη νήματος
HBX;εκατό κουτιά
HC;εκατό μέτρηση
HD;μισή ντουζίνα
HDW;εκατό κιλά, ξηρό βάρος
HE;εκατοστό του καρατίου
HEA;κεφάλι
HF;εκατό πόδια
HH;εκατό κυβικά πόδια
HI;εκατό φύλλα
HIU;εκατό διεθνείς μονάδες
HK;εκατό κιλά
HKM;εκατό κιλά, καθαρή μάζα
HL;εκατό πόδια (γραμμικό)
HMQ;εκατομμύριο κυβικά μέτρα
HO;εκατό ουγγιές troy
HPA;εκατόλιτρο καθαρής αλκοόλης
HS;εκατό τετραγωνικά πόδια
HT;μισή ώρα
HY;εκατό γιάρδες
IC;αριθμός ανά ίντσα
IE;πρόσωπο
IF;ίντσες νερού
II;στήλη ίντσα
IL;ίντσα ανά λεπτό
IM;εντύπωση
IP;ασφαλιστήριο συμβόλαιο
ISD;διεθνές πτυχίο ζάχαρης
IT;μέτρηση ανά εκατοστό
IUG;διεθνής μονάδα ανά γραμμάριο
J10;ποσοστό ανά χιλιοστό
J12;ανά χιλιοστό ανά psi
J13;API πτυχίου
J14;βαθμός Baume (κλίμακα προέλευσης)
J15;βαθμός Baume (βαρύς βαθμός ΗΠΑ)
J16;βαθμός Baume (αμερικανικό ελαφρύ)
J17;βαθμός Balling
J18;βαθμός Brix
J27;βαθμός Oechsle
J31;βαθμός Twaddell
J38;baud
J54;μεγαμπάουντ
JB;μέγα άτομο ζώο
JG;κανάτα
JNT;σύνδεσμος αγωγού
JO;άρθρωση
JPS;εκατό μέτρα
JR;δοχείο
JWL;αριθμός κοσμημάτων
K1;ζήτηση κιλοβάτ
K2;κιλοβόλτ αμπέρ άεργη ζήτηση
K3;κιλοβόλτ αμπέρ αντιδραστική ώρα
K50;κιλομπάουντ
KA;κέικ
KB;χιλιοχαρακτήρας
KCC;κιλό χλωριούχου χολίνης
KD;δεκαδικό χιλιόγραμμο
KDW;κιλό καθαρού βάρους στραγγισμένου
KF;κιλοπακέτο
KG;βαρελάκι
KHY;κιλό υπεροξειδίου του υδρογόνου
KI;κιλό ανά χιλιοστό πλάτους
KIC;κιλό, συμπεριλαμβανομένου του δοχείου
KIP;κιλό, συμπεριλαμβανομένης της εσωτερικής συσκευασίας
KJ;χιλιομετρικό τμήμα
KLK;ποσοστό ξηρής γαλακτικής ύλης
KMA;κιλό μεθυλαμίνης
KNI;κιλό αζώτου
KNS;κιλό ονομασμένης ουσίας
KO;χιλιοστοϊσοδύναμο καυστικής καλίου ανά γραμμάριο προϊόντος
KPH;κιλό υδροξειδίου του καλίου (καυστικό κάλιο)
KPO;κιλό οξειδίου του καλίου
KPP;κιλό πεντοξειδίου του φωσφόρου (φωσφορικός ανυδρίτης)
KS;χιλιάδες λίβρες ανά τετραγωνική ίντσα
KSD;κιλό ουσίας 90% ξηρής κατάστασης
KSH;κιλό υδροξειδίου του νατρίου (καυστική σόδα)
KT;εργαλειοθήκη
KUR;κιλό ουρανίου
KWY;κιλοβάτ έτος
KWO;κιλό τριοξειδίου του βολφραμίου
LAC;ποσοστό περίσσειας λακτόζης
LBT;λίρα troy (ΗΠΑ)
LC;γραμμικό εκατοστό
LE;ελαφρύ
LEF;φύλλο
LF;γραμμικό πόδι
LH;εργάσιμη ώρα
LI;γραμμική ίντσα
LJ;μεγάλο ψεκασμό
LK;σύνδεσμος
LM;γραμμικό μέτρο
LN;μήκος
LO;παρτίδα [μονάδα προμήθειας]
LP;υγρή λίβρα
LPA;λίτρο καθαρής αλκοόλης
LR;στρώμα
LS;εφάπαξ
LUB;μετρικός τόνος, λιπαντικό λάδι
LX;γραμμική γιάρδα ανά λίβρα
LY;γραμμική γιάρδα
M0;μαγνητική ταινία
M19;Μποφόρ
M25;ποσοστό ανά βαθμό Κελσίου
M36;30ήμερος μήνας
M37;πραγματικό/360
M4;χρηματική αξία
M9;εκατομμύρια Btu ανά 1000 κυβικά πόδια
MA;μηχανή ανά μονάδα
MAH;μεγαβόλτ αμπέρ αντιδραστική ώρα
MBE;χιλιάδες τυπικό ισοδύναμο τούβλων
MBF;χίλια πόδια σανίδας
MD;μετρικός τόνος ξηρού αέρα
MF;χιλιοστόγραμμο ανά τετραγωνικό πόδι ανά πλευρά
MIL;χίλια
MIO;εκατομμύριο
MIU;εκατομμύριο διεθνείς μονάδες
MK;χιλιοστόγραμμο ανά τετραγωνική ίντσα
MLD;δισεκατομμύριο
MND;κιλό, ξηρό βάρος
MQ;χιλιάδων μέτρων
MT;χαλάκι
MV;αριθμός πολλαπλών
N1;θερμίδα στυλό
N2;αριθμός γραμμών
N3;σημείο εκτύπωσης
NAR;αριθμός άρθρων
NB;φορτηγίδα
NBB;αριθμός μασουριών
NC;αυτοκίνητο
NCL;αριθμός κελιών
ND;καθαρό βαρέλι
NE;καθαρό λίτρο
NF;μήνυμα
NG;καθαρό γαλόνι (ΗΠΑ)
NH;ώρα μηνυμάτων
NI;καθαρό αυτοκρατορικό γαλόνι
NIL;μηδέν
NIU;αριθμός διεθνών μονάδων
NJ;αριθμός οθονών
NL;φορτίο
NMP;αριθμός συσκευασιών
NN;τρένο
NPL;αριθμός δεμάτων
NPR;αριθμός ζευγών
NPT;αριθμός μερών
NRL;αριθμός ρολών
NT;καθαρός τόνος
NTT;καθαρός τόνος μητρώου
NV;όχημα
NX;μέρος ανά χιλιάδα
NY;λίβρα ανά μετρικό τόνο ξηρού αέρα
OA;πίνακας
ODE;ισοδύναμο καταστροφής του όζοντος
ODG;Γραμμάρια ODS
ODK;Χιλιόγραμμα ODS
ODM;Χιλιοστόγραμμα ODS
OP;πακέτο δύο
OT;ώρα υπερωριών
OZ;ουγγιά μέσος όρος
P0;σελίδα - ηλεκτρονική
P1;τοις εκατό
P3;πακέτο τριών
P4;πακέτο τεσσάρων
P5;πακέτο πέντε
P6;πακέτο έξι
P7;πακέτο επτά
P8;πακέτο οκτώ
P88;ρεχ
P89;λίβρα-δύναμη πόδι ανά ίντσα
P9;πακέτο εννέα
P90;λίβρα-δύναμη ίντσα ανά ίντσα
P91;περμ (0 ºC)
P92;περμανάντ (23 ºC)
P93;byte ανά δευτερόλεπτο
P94;κιλομπάιτ ανά δευτερόλεπτο
P95;μεγαμπάιτ ανά δευτερόλεπτο
P96;αντίστροφο βολτ
P97;αντίστροφο ακτίνιο
P98;Πασκάλ στο άθροισμα δυνάμεων στοιχειομετρικών αριθμών
P99;γραμμομόριο ανά κυβικό μέτρο προς το άθροισμα δυνάμεων στοιχειομετρικών αριθμών
PA;πακέτο
PB;ζεύγος ιντσών
PD;μπλοκ
PE;ισοδύναμο λίρας
PF;παλέτα (ανυψωτικό)
PFL;λίτρο δοκιμής
PG;πλάκα
PGL;γαλόνι απόδειξης
PI;πίσσα
PK;πακέτο
PL;κάδος
PLA;βαθμός Πλάτωνας
PM;ποσοστό λίβρας
PN;καθαρή λίβρα
PQ;σελίδα ανά ίντσα
PR;ζεύγος
PTN;μερίδα
PU;δίσκος / πακέτο δίσκων
PV;μισή πίντα (ΗΠΑ)
PW;λίβρα ανά ίντσα πλάτους
PY;peck dry (ΗΠΑ)
PZ;peck dry (Ηνωμένο Βασίλειο)
Q10;τζάουλ ανά τέσλα
Q11;ερλάνγκ
Q12;οκταφωνία
Q13;οκτάδα ανά δευτερόλεπτο
Q14;Σάνον
Q15;Χάρτλεϊ
Q16;φυσική μονάδα πληροφορίας
Q17;Σάνον ανά δευτερόλεπτο
Q18;Χάρτλεϊ ανά δευτερόλεπτο
Q19;φυσική μονάδα πληροφορίας ανά δευτερόλεπτο
Q20;δευτερόλεπτο ανά κιλό
Q21;βατ τετραγωνικό μέτρο
Q22;δευτερόλεπτο ανά ακτίνιο κυβικό μέτρο
Q23;Βέμπερ στη δύναμη μείον ένα
Q24;αντίστροφη ίντσα
Q25;διόπτρα
Q26;ένα ανά ένα
Q27;νιούτον μέτρο ανά μέτρο
Q28;κιλό ανά τετραγωνικό μέτρο πασκάλ δευτερόλεπτο
Q36;τετραγωνικό μέτρο ανά κυβικό μέτρο
Q3;γεύμα
QA;σελίδα - φαξ
QAN;τρίμηνο (ενός έτους)
QB;σελίδα - έντυπη μορφή
QD;τέταρτο της ντουζίνας
QH;τέταρτο της ώρας
QK;τέταρτο κιλού
QR;δεσμίς 24 φύλλων
QTR;τέταρτο (Ηνωμένο Βασίλειο)
R1;τυπογραφική σειρά 12 στιγμές
R4;θερμίδα
R9;χιλιάδες κυβικά μέτρα
RA;ράφι
RD;ράβδος
RG;δαχτυλίδι
RH;ώρα λειτουργίας
RK;μετρικό μέτρο κύλισης
RL;καρούλι
RM;δεσμίδα
RN;μετρικό μέτρο δεσμίδας
RO;ρολό
ROM;δωμάτιο
RP;λίβρα ανά δεσμίδα
RS;επαναφορά
RT;έσοδα ανά τόνο ανά μίλι
RU;τρέξιμο
S5;εξήντα τέταρτα της ίντσας
S6;συνεδρίαση
S7;μονάδα αποθήκευσης
S8;τυπική διαφημιστική μονάδα
SA;σάκος
SAN;εξάμηνο (6 μήνες)
SCO;σκορ
SCR;δισταγμός
SD;στερεά λίρα
SE;τμήμα
SET;σειρά
SG;τμήμα
SHT;τόνος αποστολής
SK;διαιρεμένο βυτιοφόρο
SL;φύλλο οδηγιών χρήσης
SN;τετράγωνη ράβδος
SO;πηνίο
SP;συσκευασία ραφιού
SQ;πλατεία
SQR;τετράγωνο, στέγη
SR;λωρίδα
SS;μετρικό μέτρο φύλλου
SST;σύντομο τυπικό (7200 αντιστοιχίσεις)
ST;σεντόνι
STC;ραβδί
STK;ραβδί, τσιγάρο
STL;τυπικό λίτρο
STW;άχυρο
SV;ολισθαίνω
SW;κουβάρι
SX;αποστολή
SYR;σύριγγα
T0;τηλεπικοινωνιακή γραμμή σε λειτουργία
T1;χιλιάδες λίρες ακαθάριστα
T3;χιλιάρικο κομμάτι
T4;χιλιάδες σακούλες
T5;χιλιάδες περιβλήματα
T6;χιλιάδες γαλόνια (ΗΠΑ)
T7;χιλιάδες εμφανίσεις
T8;χιλιάδες γραμμικές ίντσες
TA;δέκατο κυβικό πόδι
TAN;συνολικός αριθμός οξέος
TC;φορτηγό
TD;θέρμη
TE;φέρω
TF;δέκα τετραγωνικά μέτρα
TI;χιλιάδες τετραγωνικές ίντσες
TIC;μετρικός τόνος, συμπεριλαμβανομένου του εμπορευματοκιβωτίου
TIP;μετρικός τόνος, συμπεριλαμβανομένης της εσωτερικής συσκευασίας
TJ;χιλιάδες τετραγωνικά εκατοστά
TK;δεξαμενή, ορθογώνια
TKM;τόνο χιλιόμετρο
TL;χιλιάδες πόδια (γραμμικό)
TMS;κιλό εισαγόμενου κρέατος, λιγότερα εντόσθια
TN;κασσίτερος
TP;πακέτο δέκα
TPI;δόντια ανά ίντσα
TPR;δέκα ζευγάρια
TQ;χίλια πόδια
TQD;χιλιάδες κυβικά μέτρα ανά ημέρα
TR;δέκα τετραγωνικά πόδια
TRL;τρισεκατομμύρια (EUR)
TS;χιλιάδες τετραγωνικά πόδια
TSD;τόνος ουσίας 90% ξηρό
TSH;τόνος ατμού ανά ώρα
TST;δέκα σετ
TT;χιλιάδες γραμμικά μέτρα
TTS;δέκα χιλιάδες ραβδιά
TU;σωλήνας
TV;χιλιάδες κιλά
TW;χίλια φύλλα
TY;δεξαμενή, κυλινδρική
U1;θεραπεία
U2;δισκίο
UB;μέσος όρος τηλεπικοινωνιακής γραμμής σε λειτουργία
UC;τηλεπικοινωνιακό λιμάνι
UD;δέκατο λεπτό
UE;δέκατη ώρα
UF;μέση χρήση ανά τηλεπικοινωνιακή γραμμή
UH;δέκα χιλιάδες γιάρδες
UM;εκατομμύριο μονάδες
VA;βολτ - αμπέρ ανά κιλό
VI;φιαλίδιο
VP;ποσοστό όγκου
VQ;όγκος
VS;επίσκεψη
W2;υγρό κιλό
W4;δύο εβδομάδες
WA;βατ ανά κιλό
WB;υγρή λίβρα
WCD;κορδόνι
WE;υγρός τόνος
WG;γαλόνι κρασιού
WH;τροχός
WI;βάρος ανά τετραγωνική ίντσα
WM;εργάσιμος μήνας
WR;κάλυμμα
WSD;πρότυπο
WW;χιλιοστόλιτρο νερού
YL;εκατό γραμμική γιάρδα
YT;δέκα γιάρδες
Z1;ανυψωτικό βαν
Z11;κρεμαστό δοχείο
Z2;στήθος
Z3;βαρέλι
Z4;βαρέλι μπύρας
Z5;λοβός
Z6;σημείο συνεδρίου
Z8;γραμμή αχάτη εφημερίδας
ZP;σελίδα
ZZ;αμοιβαία οριζόμενοι
MRW;Εβδομάδα Μέτρων
MKW;Εβδομάδα Τετραγωνικών Μετρών
MQW;Εβδομάδα Κυβικού Μέτρου
HWE;Εβδομάδα Κομματιού
MRD;Ημέρα του Μέτρου
MKD;Ημέρα Τετραγωνικού Μέτρου
MQD;Ημέρα Κυβικού Μέτρου
HAD;Ημέρα Κομματιού
MRM;Μέτρο μήνα
MKM;Τετραγωνικό Μέτρο Μήνα
MQM;Κυβικό Μέτρο Μήνας
HMO;Μήνας τεμαχίου
DBW;Ντεσιμπέλ βατ
DBM;Ντεσιμπέλ-μιλιβάτ
FNU;Νεφελομετρική μονάδα φορμαζίνης
NTU;Νεφελομετρική μονάδα θολότητας
;
;
;
;
;
;
;
;
;
;
;
;
;
;
;
;
;
;
;
;
;
;
;
;
;
;
;
;
;
;
;
;
;
;
;
;
;
;
;
;
;
;
;
;
;
;
;
;
;
;
;
;
;
;
;
;
;
;
;
;
;
;
;
;
;
;
;
;
;
;
;
;
;
;
;
;
;
;
;
;
;
;
;
;
;
;
;
;
;
;
;
;
;
;
;
;
;
;
;
;
;
;
;
;
;
;
;
;
;
;
;
;
;
;
;
;
;
;
;
;
;
;
;
;
;
;
;
;
;
;
;
;
;
;
;
;
;
;
;
;
;
;
;
;
;
;
;
;
;
;
;
;
;
;
;
;
;
;
;
;
;
;
;
;
;
;
;
;
;
;
;
;
;
;
;
;
;
;
;
;
;
;
;
;
;
;
;
;
;
;
;
;
;
;
;
;
;
;
;
;
;
;
;
;
;
;
;
;
;
;
;
;
;
;
;
;
;
;
;
;
;
;
;
;
;
;
;
;
;
;
;
;
;
;
;
;
;
;
;
;
;
;
;
;
;
;
;
;
;
;
;
;
;
;
;
;
;
;
;
;
;
;
;
;
;
;
;
;
;
;
;
;
;
;
;
;
;
;
;
;
;
;
;
;
;
;
;
;
;
;
;
;
;
;
;
;
;
;
;
;
;
;
;
;
;
;
;
;
;
;
;
;
;
;
;
;
;
;
;
;
;
;
;
;
;
;
;
;
;
;
;
;
;
;
;
;
;
;
;
;
;
;
;
;
;
;
;
;
;
;
;
;
;
;
;
;
;
;
;
;
;
;
;
;
;
;
;
;
;
;
;
;
;
;
;
;
;
;
;
;
;
;
;
;
;
;
;
;
;
;
;
;
;
;
;
;
;
;
;
;
;
;
;
;
;
;
;
;
;
;
;
;
;
;
;
;
;
;
;
;
;
;
;
;
;
;
;
;
;
;
;
;
;
;
;
;
;
;
;
;
;
;
;
;
;
;
;
;
;
;
;
;
;
;
;
;
;
;
;
;
;
;
;
;
;
;
;
;
;
;
;
;
;
;
;
;
;
;
;
;
;
;
;
;
;
;
;
;
;
;
;
;
;
;
;
;
;
;
;
;
;
;
;
;
;
;
;
;
;
;
;
;
;
;
;
;
;
;
;
;
;
;
;
;
;
;
;
;
;
;
;
;
;
;
;
;
;
;
;
;
;
;
;
;
;
;
;
;
;
;
;
;
;
;
;
;
;
;
;
;
;
;
;
;
;
;
;
;
;
;
;
;
;
;
;
;
;
;
;
;
;
;
;
;
;
;
;
;
;
;
;
;
;
;
;
;
;
;
;
;
;
;
;
;
;
;
;
;
;
;
;
;
;
;
;
;
;
;
;
;
;
;
;
;
;
;
;
;
;
;
;
;
;
;
;
;
;
;
;
;
;
;
;
;
;
;
;
;
;
;
;
;
;
;
;
;
;
;
;
;
;
;
;
;
;
;
;
;
;
;
;
;
;
;
;
;
;
;
;
;
;
;
;
;
;
;
;
;
;
;
;
;
;
;
;
;
;
;
;
;
;
;
;
;
;
;
;
;
;
;
;
;
;
;
;
;
;
;
;
;
;
;
;
;
;
;
;
;
;
;
;
;
;
;
;
;
;
;
;
;
;
;
;
;
;
;
;
;
;
;
;
;
;
;
;
;
;
;
;
;
;
;
;
;
;
;
;
;
;
;
;
;
;
;
;
;
;
;
;
;
;
;
;
;
;
;
;
;
;
;
;
;
;
;
;
;
;
;
;
;
;
;
;
;
;
;
;
;
;
;
;
;
;
;
;
;
;
;
;
;
;
;
;
;
;
;
;
;
;
;
;
;
;
;
;
;
;
;
;
;
;
;
;
;
;
;
;
;
;
;
;
;
;
;
;
;
;
;
;
;
;
;
;
;
;
;
;
;
;
;
;
;
;
;
;
;
;
;
;
;
;
;
;
;
;
;
;
;
;
;
;
;
;
;
;
;
;
;
;
;
;
;
;
;
;
;
;
;
;
;
;
;
;
;
;
;
;
;
;
;
;
;
;
;
;
;
;
;
;
;
;
;
;
;
;
;
;
;
;
;
;
;
;
;
;
;
;
;
;
;
;
;
;
;
;
;
;
;
;
;
;
;
;
;
;
;
;
;
;
;
;
;
;
;
;
;
;
;
;
;
;
;
;
;
;
;
;
;
;
;
;
;
;
;
;
;
;
;
;
;
;
;
;
;
;
;
;
;
;
;
;
;
;
;
;
;
;
;
;
;
;
;
;
;
;
;
;
;
;
;
;
;
;
;
;
;
;
;
;
;
;
;
;
;
;
;
;
;
;
;
;
;
;
;
;
;
;
;
;
;
;
;
;
;
;
;
;
;
;
;
;
;
;
;
;
;
;
;
;
;
;
;
;
;
;
;
;
;
;
;
;
;
;
;
;
;
;
;
;
;
;
;
;
;
;
;
;
;
;
;
;
;
;
;
;
;
;
;
;
;
;
;
;
;
;
;
;
;
;
;
;
;
;
;
;
;
;
;
;
;
;
;
;
;
;
;
;
;
;
;
;
;
;
;
;
;
;
;
;
;
;
;
;
;
;
;
;
;
;
;
;
;
;
;
;
;
;
;
;
;
;
;
;
;
;
;
;
;
;
;
;
;
;
;
;
;
;
;
;
;
;
;
;
;
;
;
;
;
;
;
;
;
;
;
;
;
;
;
;
;
;
;
;
;
;
;
;
;
;
;
;
;
;
;
;
;
;
;
;
;
;
;
;
;
;
;
;
;
;
;
;
;
;
;
;
;
;
;
;
;
;
;
;
;
;
;
;
;
;
;
;
;
;
;
;
;
;
;
;
;
;
;
;
;
;
;
;
;
;
;
;
;
;
;
;
;
;
;
;
;
;
;
;
;
;
;
;
;
;
;
;
;
;
;
;
;
;
;
;
;
;
;
;
;
;
;
;
;
;
;
;
;
;
;
;
;
;
;
;
;
;
;
;
;
;
;
;
;
;
;
;
;
;
;
;
;
;
;
;
;
;
;
;
;
;
;
;
;
;
;
;
;
;
;
;
;
;
;
;
;
;
;
;
;
;
;
;
;
;
;
;
;
;
;
;
;
;
;
;
;
;
;
;
;
;
;
;
;
;
;
;
;
;
;
;
;
;
;
;
;
;
;
;
;
;
;
;
;
;
;
;
;
;
;
;
;
;
;
;
;
;
;
;
;
;
;
;
;
;
;
;
;
;
;
;
;
;
;
;
;
;
;
;
;
;
;
;
;
;
;
;
;
;
;
;
;
;
;
;
;
;
;
;
;
;
;
;
;
;
;
;
;
;
;
;
;
;
;
;
;
;
;
;
;
;
;
;
;
;
;
;
;
;
;
;
;
;
;
;
;
;
;
;
;
;
;
;
;
;
;
;
;
;
;
;
;
;
;
;
;
;
;
;
;
;
;
;
;
;
;
;
;
;
;
;
;
;
;
;
;
;
;
;
;
;
;
;
;
;
;
;
;
;
;
;
;
;
;
;
;
;
;
;
;
;
;
;
;
;
;
;
;
;
;
;
;
;
;
;
;
;
;
;
;
;
;
;
;
;
;
;
;
;
;
;
;
;
;
;
;
;
;
;
;
;
;
;
;
;
;
;
;
;
;
;
;